<?xml version="1.0" encoding="UTF-8"?>
<kml xmlns="http://www.opengis.net/kml/2.2" xmlns:gx="http://www.google.com/kml/ext/2.2" xmlns:kml="http://www.opengis.net/kml/2.2" xmlns:atom="http://www.w3.org/2005/Atom">
<Document>
 	<name>balloon_new_launch-lle.kml</name>
	<Style id="sh_shaded_dot_0a">
		<IconStyle>
			<color>ff0000ff</color>
			<scale>0.2</scale>
			<Icon>
				<href>http://maps.google.com/mapfiles/kml/shapes/shaded_dot.png</href>
			</Icon>
			<name>red</name>
		</IconStyle>
		<ListStyle>
		</ListStyle>
	</Style>
	<Style id="sh_shaded_dot_0b">
		<IconStyle>
			<color>ff0000ff</color>
			<scale>0.2</scale>
			<Icon>
				<href>http://maps.google.com/mapfiles/kml/shapes/shaded_dot.png</href>
			</Icon>
			<name>red</name>
		</IconStyle>
		<ListStyle>
		</ListStyle>
	</Style>
	<StyleMap id="sh_shaded_dot_0">
		<Pair>
			<key>normal</key>
			<styleUrl>#sh_shaded_dot_0a</styleUrl>
		</Pair>
		<Pair>
			<key>highlight</key>
			<styleUrl>#sh_shaded_dot_0b</styleUrl>
		</Pair>
	</StyleMap>
   <Placemark>
      <name> </name>
      <description>0.0 sec (00:00:0.000)
Lon/lat: -115.8757, 34.5837
Alt: 0.233 km
Vel: 0.001 km/s</description>
      <styleUrl>#sh_shaded_dot_0</styleUrl>
      <Point>
         <extrude>1</extrude>
         <altitudeMode>absolute</altitudeMode>
         <coordinates>
            -115.875719,34.583672,233.000
         </coordinates>
      </Point>
   </Placemark>
   <Placemark>
      <name> </name>
      <description>2.0 sec (00:00:2.000)
Lon/lat: -115.8756, 34.5836
Alt: 0.239 km
Vel: 0.001 km/s</description>
      <styleUrl>#sh_shaded_dot_0</styleUrl>
      <Point>
         <extrude>1</extrude>
         <altitudeMode>absolute</altitudeMode>
         <coordinates>
            -115.875607,34.583583,239.141
         </coordinates>
      </Point>
   </Placemark>
   <Placemark>
      <name> </name>
      <description>4.0 sec (00:00:4.000)
Lon/lat: -115.8755, 34.5835
Alt: 0.245 km
Vel: 0.001 km/s</description>
      <styleUrl>#sh_shaded_dot_0</styleUrl>
      <Point>
         <extrude>1</extrude>
         <altitudeMode>absolute</altitudeMode>
         <coordinates>
            -115.875495,34.583493,245.282
         </coordinates>
      </Point>
   </Placemark>
   <Placemark>
      <name> </name>
      <description>6.0 sec (00:00:6.000)
Lon/lat: -115.8755, 34.5835
Alt: 0.251 km
Vel: 0.001 km/s</description>
      <styleUrl>#sh_shaded_dot_0</styleUrl>
      <Point>
         <extrude>1</extrude>
         <altitudeMode>absolute</altitudeMode>
         <coordinates>
            -115.875486,34.583498,251.060
         </coordinates>
      </Point>
   </Placemark>
   <Placemark>
      <name> </name>
      <description>8.0 sec (00:00:8.000)
Lon/lat: -115.8755, 34.5835
Alt: 0.257 km
Vel: 0.001 km/s</description>
      <styleUrl>#sh_shaded_dot_0</styleUrl>
      <Point>
         <extrude>1</extrude>
         <altitudeMode>absolute</altitudeMode>
         <coordinates>
            -115.875483,34.583495,256.836
         </coordinates>
      </Point>
   </Placemark>
   <Placemark>
      <name> </name>
      <description>10.0 sec (00:00:10.000)
Lon/lat: -115.8755, 34.5835
Alt: 0.262 km
Vel: 0.001 km/s</description>
      <styleUrl>#sh_shaded_dot_0</styleUrl>
      <Point>
         <extrude>1</extrude>
         <altitudeMode>absolute</altitudeMode>
         <coordinates>
            -115.875479,34.583509,261.512
         </coordinates>
      </Point>
   </Placemark>
   <Placemark>
      <name> </name>
      <description>12.0 sec (00:00:12.000)
Lon/lat: -115.8754, 34.5835
Alt: 0.263 km
Vel: 0.001 km/s</description>
      <styleUrl>#sh_shaded_dot_0</styleUrl>
      <Point>
         <extrude>1</extrude>
         <altitudeMode>absolute</altitudeMode>
         <coordinates>
            -115.875382,34.583476,263.029
         </coordinates>
      </Point>
   </Placemark>
   <Placemark>
      <name> </name>
      <description>14.0 sec (00:00:14.000)
Lon/lat: -115.8753, 34.5835
Alt: 0.266 km
Vel: 0.001 km/s</description>
      <styleUrl>#sh_shaded_dot_0</styleUrl>
      <Point>
         <extrude>1</extrude>
         <altitudeMode>absolute</altitudeMode>
         <coordinates>
            -115.875310,34.583451,265.809
         </coordinates>
      </Point>
   </Placemark>
   <Placemark>
      <name> </name>
      <description>16.0 sec (00:00:16.000)
Lon/lat: -115.8752, 34.5834
Alt: 0.266 km
Vel: 0.001 km/s</description>
      <styleUrl>#sh_shaded_dot_0</styleUrl>
      <Point>
         <extrude>1</extrude>
         <altitudeMode>absolute</altitudeMode>
         <coordinates>
            -115.875189,34.583411,266.064
         </coordinates>
      </Point>
   </Placemark>
   <Placemark>
      <name> </name>
      <description>18.0 sec (00:00:18.000)
Lon/lat: -115.8752, 34.5834
Alt: 0.271 km
Vel: 0.001 km/s</description>
      <styleUrl>#sh_shaded_dot_0</styleUrl>
      <Point>
         <extrude>1</extrude>
         <altitudeMode>absolute</altitudeMode>
         <coordinates>
            -115.875164,34.583402,271.369
         </coordinates>
      </Point>
   </Placemark>
   <Placemark>
      <name> </name>
      <description>20.0 sec (00:00:20.000)
Lon/lat: -115.8752, 34.5833
Alt: 0.278 km
Vel: 0.001 km/s</description>
      <styleUrl>#sh_shaded_dot_0</styleUrl>
      <Point>
         <extrude>1</extrude>
         <altitudeMode>absolute</altitudeMode>
         <coordinates>
            -115.875206,34.583343,277.854
         </coordinates>
      </Point>
   </Placemark>
   <Placemark>
      <name> </name>
      <description>22.0 sec (00:00:22.000)
Lon/lat: -115.8752, 34.5833
Alt: 0.284 km
Vel: 0.001 km/s</description>
      <styleUrl>#sh_shaded_dot_0</styleUrl>
      <Point>
         <extrude>1</extrude>
         <altitudeMode>absolute</altitudeMode>
         <coordinates>
            -115.875243,34.583327,283.908
         </coordinates>
      </Point>
   </Placemark>
   <Placemark>
      <name> </name>
      <description>24.0 sec (00:00:24.000)
Lon/lat: -115.8751, 34.5833
Alt: 0.288 km
Vel: 0.001 km/s</description>
      <styleUrl>#sh_shaded_dot_0</styleUrl>
      <Point>
         <extrude>1</extrude>
         <altitudeMode>absolute</altitudeMode>
         <coordinates>
            -115.875052,34.583339,287.516
         </coordinates>
      </Point>
   </Placemark>
   <Placemark>
      <name> </name>
      <description>26.0 sec (00:00:26.000)
Lon/lat: -115.8751, 34.5833
Alt: 0.293 km
Vel: 0.001 km/s</description>
      <styleUrl>#sh_shaded_dot_0</styleUrl>
      <Point>
         <extrude>1</extrude>
         <altitudeMode>absolute</altitudeMode>
         <coordinates>
            -115.875051,34.583300,292.582
         </coordinates>
      </Point>
   </Placemark>
   <Placemark>
      <name> </name>
      <description>28.0 sec (00:00:28.000)
Lon/lat: -115.8751, 34.5833
Alt: 0.297 km
Vel: 0.001 km/s</description>
      <styleUrl>#sh_shaded_dot_0</styleUrl>
      <Point>
         <extrude>1</extrude>
         <altitudeMode>absolute</altitudeMode>
         <coordinates>
            -115.875069,34.583269,297.095
         </coordinates>
      </Point>
   </Placemark>
   <Placemark>
      <name> </name>
      <description>30.0 sec (00:00:30.000)
Lon/lat: -115.8751, 34.5832
Alt: 0.301 km
Vel: 0.001 km/s</description>
      <styleUrl>#sh_shaded_dot_0</styleUrl>
      <Point>
         <extrude>1</extrude>
         <altitudeMode>absolute</altitudeMode>
         <coordinates>
            -115.875067,34.583245,300.614
         </coordinates>
      </Point>
   </Placemark>
   <Placemark>
      <name> </name>
      <description>32.0 sec (00:01:32.000)
Lon/lat: -115.8750, 34.5832
Alt: 0.304 km
Vel: 0.001 km/s</description>
      <styleUrl>#sh_shaded_dot_0</styleUrl>
      <Point>
         <extrude>1</extrude>
         <altitudeMode>absolute</altitudeMode>
         <coordinates>
            -115.875040,34.583222,304.211
         </coordinates>
      </Point>
   </Placemark>
   <Placemark>
      <name> </name>
      <description>34.0 sec (00:01:34.000)
Lon/lat: -115.8750, 34.5832
Alt: 0.310 km
Vel: 0.001 km/s</description>
      <styleUrl>#sh_shaded_dot_0</styleUrl>
      <Point>
         <extrude>1</extrude>
         <altitudeMode>absolute</altitudeMode>
         <coordinates>
            -115.875040,34.583197,310.372
         </coordinates>
      </Point>
   </Placemark>
   <Placemark>
      <name> </name>
      <description>36.0 sec (00:01:36.000)
Lon/lat: -115.8750, 34.5832
Alt: 0.317 km
Vel: 0.001 km/s</description>
      <styleUrl>#sh_shaded_dot_0</styleUrl>
      <Point>
         <extrude>1</extrude>
         <altitudeMode>absolute</altitudeMode>
         <coordinates>
            -115.875048,34.583169,316.502
         </coordinates>
      </Point>
   </Placemark>
   <Placemark>
      <name> </name>
      <description>38.0 sec (00:01:38.000)
Lon/lat: -115.8751, 34.5831
Alt: 0.322 km
Vel: 0.001 km/s</description>
      <styleUrl>#sh_shaded_dot_0</styleUrl>
      <Point>
         <extrude>1</extrude>
         <altitudeMode>absolute</altitudeMode>
         <coordinates>
            -115.875057,34.583138,322.204
         </coordinates>
      </Point>
   </Placemark>
   <Placemark>
      <name> </name>
      <description>40.0 sec (00:01:40.000)
Lon/lat: -115.8752, 34.5831
Alt: 0.324 km
Vel: 0.001 km/s</description>
      <styleUrl>#sh_shaded_dot_0</styleUrl>
      <Point>
         <extrude>1</extrude>
         <altitudeMode>absolute</altitudeMode>
         <coordinates>
            -115.875180,34.583082,324.173
         </coordinates>
      </Point>
   </Placemark>
   <Placemark>
      <name> </name>
      <description>42.0 sec (00:01:42.000)
Lon/lat: -115.8751, 34.5831
Alt: 0.322 km
Vel: 0.001 km/s</description>
      <styleUrl>#sh_shaded_dot_0</styleUrl>
      <Point>
         <extrude>1</extrude>
         <altitudeMode>absolute</altitudeMode>
         <coordinates>
            -115.875050,34.583101,321.727
         </coordinates>
      </Point>
   </Placemark>
   <Placemark>
      <name> </name>
      <description>44.0 sec (00:01:44.000)
Lon/lat: -115.8749, 34.5831
Alt: 0.326 km
Vel: 0.001 km/s</description>
      <styleUrl>#sh_shaded_dot_0</styleUrl>
      <Point>
         <extrude>1</extrude>
         <altitudeMode>absolute</altitudeMode>
         <coordinates>
            -115.874882,34.583083,325.791
         </coordinates>
      </Point>
   </Placemark>
   <Placemark>
      <name> </name>
      <description>46.0 sec (00:01:46.000)
Lon/lat: -115.8750, 34.5830
Alt: 0.347 km
Vel: 0.001 km/s</description>
      <styleUrl>#sh_shaded_dot_0</styleUrl>
      <Point>
         <extrude>1</extrude>
         <altitudeMode>absolute</altitudeMode>
         <coordinates>
            -115.875041,34.583047,347.340
         </coordinates>
      </Point>
   </Placemark>
   <Placemark>
      <name> </name>
      <description>48.0 sec (00:01:48.000)
Lon/lat: -115.8751, 34.5830
Alt: 0.353 km
Vel: 0.001 km/s</description>
      <styleUrl>#sh_shaded_dot_0</styleUrl>
      <Point>
         <extrude>1</extrude>
         <altitudeMode>absolute</altitudeMode>
         <coordinates>
            -115.875095,34.583005,353.280
         </coordinates>
      </Point>
   </Placemark>
   <Placemark>
      <name> </name>
      <description>50.0 sec (00:01:50.000)
Lon/lat: -115.8751, 34.5829
Alt: 0.356 km
Vel: 0.001 km/s</description>
      <styleUrl>#sh_shaded_dot_0</styleUrl>
      <Point>
         <extrude>1</extrude>
         <altitudeMode>absolute</altitudeMode>
         <coordinates>
            -115.875110,34.582949,356.416
         </coordinates>
      </Point>
   </Placemark>
   <Placemark>
      <name> </name>
      <description>52.0 sec (00:01:52.000)
Lon/lat: -115.8751, 34.5829
Alt: 0.366 km
Vel: 0.001 km/s</description>
      <styleUrl>#sh_shaded_dot_0</styleUrl>
      <Point>
         <extrude>1</extrude>
         <altitudeMode>absolute</altitudeMode>
         <coordinates>
            -115.875125,34.582900,365.514
         </coordinates>
      </Point>
   </Placemark>
   <Placemark>
      <name> </name>
      <description>54.0 sec (00:01:54.000)
Lon/lat: -115.8751, 34.5829
Alt: 0.375 km
Vel: 0.001 km/s</description>
      <styleUrl>#sh_shaded_dot_0</styleUrl>
      <Point>
         <extrude>1</extrude>
         <altitudeMode>absolute</altitudeMode>
         <coordinates>
            -115.875107,34.582880,374.908
         </coordinates>
      </Point>
   </Placemark>
   <Placemark>
      <name> </name>
      <description>56.0 sec (00:01:56.000)
Lon/lat: -115.8751, 34.5829
Alt: 0.381 km
Vel: 0.001 km/s</description>
      <styleUrl>#sh_shaded_dot_0</styleUrl>
      <Point>
         <extrude>1</extrude>
         <altitudeMode>absolute</altitudeMode>
         <coordinates>
            -115.875082,34.582881,380.698
         </coordinates>
      </Point>
   </Placemark>
   <Placemark>
      <name> </name>
      <description>58.0 sec (00:01:58.000)
Lon/lat: -115.8751, 34.5829
Alt: 0.391 km
Vel: 0.001 km/s</description>
      <styleUrl>#sh_shaded_dot_0</styleUrl>
      <Point>
         <extrude>1</extrude>
         <altitudeMode>absolute</altitudeMode>
         <coordinates>
            -115.875084,34.582861,391.143
         </coordinates>
      </Point>
   </Placemark>
   <Placemark>
      <name> </name>
      <description>60.0 sec (00:01:0.000)
Lon/lat: -115.8751, 34.5829
Alt: 0.400 km
Vel: 0.001 km/s</description>
      <styleUrl>#sh_shaded_dot_0</styleUrl>
      <Point>
         <extrude>1</extrude>
         <altitudeMode>absolute</altitudeMode>
         <coordinates>
            -115.875079,34.582859,399.720
         </coordinates>
      </Point>
   </Placemark>
   <Placemark>
      <name> </name>
      <description>62.0 sec (00:01:2.000)
Lon/lat: -115.8750, 34.5828
Alt: 0.411 km
Vel: 0.001 km/s</description>
      <styleUrl>#sh_shaded_dot_0</styleUrl>
      <Point>
         <extrude>1</extrude>
         <altitudeMode>absolute</altitudeMode>
         <coordinates>
            -115.875009,34.582835,410.684
         </coordinates>
      </Point>
   </Placemark>
   <Placemark>
      <name> </name>
      <description>64.0 sec (00:01:4.000)
Lon/lat: -115.8750, 34.5828
Alt: 0.422 km
Vel: 0.001 km/s</description>
      <styleUrl>#sh_shaded_dot_0</styleUrl>
      <Point>
         <extrude>1</extrude>
         <altitudeMode>absolute</altitudeMode>
         <coordinates>
            -115.875040,34.582823,421.921
         </coordinates>
      </Point>
   </Placemark>
   <Placemark>
      <name> </name>
      <description>66.0 sec (00:01:6.000)
Lon/lat: -115.8750, 34.5828
Alt: 0.436 km
Vel: 0.001 km/s</description>
      <styleUrl>#sh_shaded_dot_0</styleUrl>
      <Point>
         <extrude>1</extrude>
         <altitudeMode>absolute</altitudeMode>
         <coordinates>
            -115.874998,34.582790,435.507
         </coordinates>
      </Point>
   </Placemark>
   <Placemark>
      <name> </name>
      <description>68.0 sec (00:01:8.000)
Lon/lat: -115.8750, 34.5828
Alt: 0.447 km
Vel: 0.001 km/s</description>
      <styleUrl>#sh_shaded_dot_0</styleUrl>
      <Point>
         <extrude>1</extrude>
         <altitudeMode>absolute</altitudeMode>
         <coordinates>
            -115.875048,34.582763,446.649
         </coordinates>
      </Point>
   </Placemark>
   <Placemark>
      <name> </name>
      <description>70.0 sec (00:01:10.000)
Lon/lat: -115.8750, 34.5828
Alt: 0.458 km
Vel: 0.001 km/s</description>
      <styleUrl>#sh_shaded_dot_0</styleUrl>
      <Point>
         <extrude>1</extrude>
         <altitudeMode>absolute</altitudeMode>
         <coordinates>
            -115.875013,34.582754,457.772
         </coordinates>
      </Point>
   </Placemark>
   <Placemark>
      <name> </name>
      <description>72.0 sec (00:01:12.000)
Lon/lat: -115.8750, 34.5827
Alt: 0.469 km
Vel: 0.001 km/s</description>
      <styleUrl>#sh_shaded_dot_0</styleUrl>
      <Point>
         <extrude>1</extrude>
         <altitudeMode>absolute</altitudeMode>
         <coordinates>
            -115.875017,34.582722,468.818
         </coordinates>
      </Point>
   </Placemark>
   <Placemark>
      <name> </name>
      <description>74.0 sec (00:01:14.000)
Lon/lat: -115.8750, 34.5827
Alt: 0.481 km
Vel: 0.001 km/s</description>
      <styleUrl>#sh_shaded_dot_0</styleUrl>
      <Point>
         <extrude>1</extrude>
         <altitudeMode>absolute</altitudeMode>
         <coordinates>
            -115.875022,34.582712,480.963
         </coordinates>
      </Point>
   </Placemark>
   <Placemark>
      <name> </name>
      <description>76.0 sec (00:01:16.000)
Lon/lat: -115.8750, 34.5827
Alt: 0.491 km
Vel: 0.001 km/s</description>
      <styleUrl>#sh_shaded_dot_0</styleUrl>
      <Point>
         <extrude>1</extrude>
         <altitudeMode>absolute</altitudeMode>
         <coordinates>
            -115.874990,34.582694,490.783
         </coordinates>
      </Point>
   </Placemark>
   <Placemark>
      <name> </name>
      <description>78.0 sec (00:01:18.000)
Lon/lat: -115.8750, 34.5827
Alt: 0.502 km
Vel: 0.001 km/s</description>
      <styleUrl>#sh_shaded_dot_0</styleUrl>
      <Point>
         <extrude>1</extrude>
         <altitudeMode>absolute</altitudeMode>
         <coordinates>
            -115.875038,34.582664,502.453
         </coordinates>
      </Point>
   </Placemark>
   <Placemark>
      <name> </name>
      <description>80.0 sec (00:01:20.000)
Lon/lat: -115.8751, 34.5826
Alt: 0.517 km
Vel: 0.001 km/s</description>
      <styleUrl>#sh_shaded_dot_0</styleUrl>
      <Point>
         <extrude>1</extrude>
         <altitudeMode>absolute</altitudeMode>
         <coordinates>
            -115.875053,34.582609,516.527
         </coordinates>
      </Point>
   </Placemark>
   <Placemark>
      <name> </name>
      <description>82.0 sec (00:01:22.000)
Lon/lat: -115.8750, 34.5826
Alt: 0.527 km
Vel: 0.001 km/s</description>
      <styleUrl>#sh_shaded_dot_0</styleUrl>
      <Point>
         <extrude>1</extrude>
         <altitudeMode>absolute</altitudeMode>
         <coordinates>
            -115.875015,34.582587,527.202
         </coordinates>
      </Point>
   </Placemark>
   <Placemark>
      <name> </name>
      <description>84.0 sec (00:01:24.000)
Lon/lat: -115.8751, 34.5826
Alt: 0.535 km
Vel: 0.001 km/s</description>
      <styleUrl>#sh_shaded_dot_0</styleUrl>
      <Point>
         <extrude>1</extrude>
         <altitudeMode>absolute</altitudeMode>
         <coordinates>
            -115.875079,34.582581,535.024
         </coordinates>
      </Point>
   </Placemark>
   <Placemark>
      <name> </name>
      <description>86.0 sec (00:01:26.000)
Lon/lat: -115.8751, 34.5826
Alt: 0.545 km
Vel: 0.001 km/s</description>
      <styleUrl>#sh_shaded_dot_0</styleUrl>
      <Point>
         <extrude>1</extrude>
         <altitudeMode>absolute</altitudeMode>
         <coordinates>
            -115.875089,34.582580,545.189
         </coordinates>
      </Point>
   </Placemark>
   <Placemark>
      <name> </name>
      <description>88.0 sec (00:01:28.000)
Lon/lat: -115.8751, 34.5826
Alt: 0.558 km
Vel: 0.001 km/s</description>
      <styleUrl>#sh_shaded_dot_0</styleUrl>
      <Point>
         <extrude>1</extrude>
         <altitudeMode>absolute</altitudeMode>
         <coordinates>
            -115.875088,34.582553,558.452
         </coordinates>
      </Point>
   </Placemark>
   <Placemark>
      <name> </name>
      <description>90.0 sec (00:02:30.000)
Lon/lat: -115.8751, 34.5825
Alt: 0.569 km
Vel: 0.001 km/s</description>
      <styleUrl>#sh_shaded_dot_0</styleUrl>
      <Point>
         <extrude>1</extrude>
         <altitudeMode>absolute</altitudeMode>
         <coordinates>
            -115.875095,34.582517,568.831
         </coordinates>
      </Point>
   </Placemark>
   <Placemark>
      <name> </name>
      <description>92.0 sec (00:02:32.000)
Lon/lat: -115.8751, 34.5825
Alt: 0.578 km
Vel: 0.001 km/s</description>
      <styleUrl>#sh_shaded_dot_0</styleUrl>
      <Point>
         <extrude>1</extrude>
         <altitudeMode>absolute</altitudeMode>
         <coordinates>
            -115.875098,34.582513,577.884
         </coordinates>
      </Point>
   </Placemark>
   <Placemark>
      <name> </name>
      <description>94.0 sec (00:02:34.000)
Lon/lat: -115.8751, 34.5825
Alt: 0.590 km
Vel: 0.001 km/s</description>
      <styleUrl>#sh_shaded_dot_0</styleUrl>
      <Point>
         <extrude>1</extrude>
         <altitudeMode>absolute</altitudeMode>
         <coordinates>
            -115.875095,34.582498,589.850
         </coordinates>
      </Point>
   </Placemark>
   <Placemark>
      <name> </name>
      <description>96.0 sec (00:02:36.000)
Lon/lat: -115.8752, 34.5825
Alt: 0.596 km
Vel: 0.001 km/s</description>
      <styleUrl>#sh_shaded_dot_0</styleUrl>
      <Point>
         <extrude>1</extrude>
         <altitudeMode>absolute</altitudeMode>
         <coordinates>
            -115.875152,34.582458,596.222
         </coordinates>
      </Point>
   </Placemark>
   <Placemark>
      <name> </name>
      <description>98.0 sec (00:02:38.000)
Lon/lat: -115.8752, 34.5824
Alt: 0.605 km
Vel: 0.001 km/s</description>
      <styleUrl>#sh_shaded_dot_0</styleUrl>
      <Point>
         <extrude>1</extrude>
         <altitudeMode>absolute</altitudeMode>
         <coordinates>
            -115.875188,34.582425,605.102
         </coordinates>
      </Point>
   </Placemark>
   <Placemark>
      <name> </name>
      <description>100.0 sec (00:02:40.000)
Lon/lat: -115.8752, 34.5824
Alt: 0.616 km
Vel: 0.001 km/s</description>
      <styleUrl>#sh_shaded_dot_0</styleUrl>
      <Point>
         <extrude>1</extrude>
         <altitudeMode>absolute</altitudeMode>
         <coordinates>
            -115.875208,34.582393,615.503
         </coordinates>
      </Point>
   </Placemark>
   <Placemark>
      <name> </name>
      <description>102.0 sec (00:02:42.000)
Lon/lat: -115.8752, 34.5824
Alt: 0.623 km
Vel: 0.001 km/s</description>
      <styleUrl>#sh_shaded_dot_0</styleUrl>
      <Point>
         <extrude>1</extrude>
         <altitudeMode>absolute</altitudeMode>
         <coordinates>
            -115.875196,34.582363,622.837
         </coordinates>
      </Point>
   </Placemark>
   <Placemark>
      <name> </name>
      <description>104.0 sec (00:02:44.000)
Lon/lat: -115.8752, 34.5823
Alt: 0.630 km
Vel: 0.001 km/s</description>
      <styleUrl>#sh_shaded_dot_0</styleUrl>
      <Point>
         <extrude>1</extrude>
         <altitudeMode>absolute</altitudeMode>
         <coordinates>
            -115.875229,34.582315,630.500
         </coordinates>
      </Point>
   </Placemark>
   <Placemark>
      <name> </name>
      <description>106.0 sec (00:02:46.000)
Lon/lat: -115.8753, 34.5823
Alt: 0.639 km
Vel: 0.001 km/s</description>
      <styleUrl>#sh_shaded_dot_0</styleUrl>
      <Point>
         <extrude>1</extrude>
         <altitudeMode>absolute</altitudeMode>
         <coordinates>
            -115.875316,34.582285,638.870
         </coordinates>
      </Point>
   </Placemark>
   <Placemark>
      <name> </name>
      <description>108.0 sec (00:02:48.000)
Lon/lat: -115.8753, 34.5822
Alt: 0.646 km
Vel: 0.001 km/s</description>
      <styleUrl>#sh_shaded_dot_0</styleUrl>
      <Point>
         <extrude>1</extrude>
         <altitudeMode>absolute</altitudeMode>
         <coordinates>
            -115.875332,34.582240,645.963
         </coordinates>
      </Point>
   </Placemark>
   <Placemark>
      <name> </name>
      <description>110.0 sec (00:02:50.000)
Lon/lat: -115.8754, 34.5822
Alt: 0.655 km
Vel: 0.001 km/s</description>
      <styleUrl>#sh_shaded_dot_0</styleUrl>
      <Point>
         <extrude>1</extrude>
         <altitudeMode>absolute</altitudeMode>
         <coordinates>
            -115.875353,34.582209,654.865
         </coordinates>
      </Point>
   </Placemark>
   <Placemark>
      <name> </name>
      <description>112.0 sec (00:02:52.000)
Lon/lat: -115.8754, 34.5822
Alt: 0.662 km
Vel: 0.001 km/s</description>
      <styleUrl>#sh_shaded_dot_0</styleUrl>
      <Point>
         <extrude>1</extrude>
         <altitudeMode>absolute</altitudeMode>
         <coordinates>
            -115.875420,34.582199,661.834
         </coordinates>
      </Point>
   </Placemark>
   <Placemark>
      <name> </name>
      <description>114.0 sec (00:02:54.000)
Lon/lat: -115.8754, 34.5822
Alt: 0.671 km
Vel: 0.001 km/s</description>
      <styleUrl>#sh_shaded_dot_0</styleUrl>
      <Point>
         <extrude>1</extrude>
         <altitudeMode>absolute</altitudeMode>
         <coordinates>
            -115.875420,34.582178,670.917
         </coordinates>
      </Point>
   </Placemark>
   <Placemark>
      <name> </name>
      <description>116.0 sec (00:02:56.000)
Lon/lat: -115.8755, 34.5821
Alt: 0.677 km
Vel: 0.001 km/s</description>
      <styleUrl>#sh_shaded_dot_0</styleUrl>
      <Point>
         <extrude>1</extrude>
         <altitudeMode>absolute</altitudeMode>
         <coordinates>
            -115.875466,34.582143,676.870
         </coordinates>
      </Point>
   </Placemark>
   <Placemark>
      <name> </name>
      <description>118.0 sec (00:02:58.000)
Lon/lat: -115.8755, 34.5821
Alt: 0.686 km
Vel: 0.001 km/s</description>
      <styleUrl>#sh_shaded_dot_0</styleUrl>
      <Point>
         <extrude>1</extrude>
         <altitudeMode>absolute</altitudeMode>
         <coordinates>
            -115.875464,34.582125,686.474
         </coordinates>
      </Point>
   </Placemark>
   <Placemark>
      <name> </name>
      <description>120.0 sec (00:02:0.000)
Lon/lat: -115.8755, 34.5821
Alt: 0.694 km
Vel: 0.001 km/s</description>
      <styleUrl>#sh_shaded_dot_0</styleUrl>
      <Point>
         <extrude>1</extrude>
         <altitudeMode>absolute</altitudeMode>
         <coordinates>
            -115.875450,34.582097,693.710
         </coordinates>
      </Point>
   </Placemark>
   <Placemark>
      <name> </name>
      <description>122.0 sec (00:02:2.000)
Lon/lat: -115.8755, 34.5821
Alt: 0.699 km
Vel: 0.001 km/s</description>
      <styleUrl>#sh_shaded_dot_0</styleUrl>
      <Point>
         <extrude>1</extrude>
         <altitudeMode>absolute</altitudeMode>
         <coordinates>
            -115.875510,34.582099,699.451
         </coordinates>
      </Point>
   </Placemark>
   <Placemark>
      <name> </name>
      <description>124.0 sec (00:02:4.000)
Lon/lat: -115.8755, 34.5821
Alt: 0.709 km
Vel: 0.001 km/s</description>
      <styleUrl>#sh_shaded_dot_0</styleUrl>
      <Point>
         <extrude>1</extrude>
         <altitudeMode>absolute</altitudeMode>
         <coordinates>
            -115.875539,34.582093,708.838
         </coordinates>
      </Point>
   </Placemark>
   <Placemark>
      <name> </name>
      <description>126.0 sec (00:02:6.000)
Lon/lat: -115.8756, 34.5821
Alt: 0.715 km
Vel: 0.001 km/s</description>
      <styleUrl>#sh_shaded_dot_0</styleUrl>
      <Point>
         <extrude>1</extrude>
         <altitudeMode>absolute</altitudeMode>
         <coordinates>
            -115.875604,34.582089,715.390
         </coordinates>
      </Point>
   </Placemark>
   <Placemark>
      <name> </name>
      <description>128.0 sec (00:02:8.000)
Lon/lat: -115.8756, 34.5821
Alt: 0.725 km
Vel: 0.001 km/s</description>
      <styleUrl>#sh_shaded_dot_0</styleUrl>
      <Point>
         <extrude>1</extrude>
         <altitudeMode>absolute</altitudeMode>
         <coordinates>
            -115.875607,34.582074,724.875
         </coordinates>
      </Point>
   </Placemark>
   <Placemark>
      <name> </name>
      <description>130.0 sec (00:02:10.000)
Lon/lat: -115.8756, 34.5820
Alt: 0.733 km
Vel: 0.001 km/s</description>
      <styleUrl>#sh_shaded_dot_0</styleUrl>
      <Point>
         <extrude>1</extrude>
         <altitudeMode>absolute</altitudeMode>
         <coordinates>
            -115.875636,34.582043,732.920
         </coordinates>
      </Point>
   </Placemark>
   <Placemark>
      <name> </name>
      <description>132.0 sec (00:02:12.000)
Lon/lat: -115.8756, 34.5820
Alt: 0.742 km
Vel: 0.001 km/s</description>
      <styleUrl>#sh_shaded_dot_0</styleUrl>
      <Point>
         <extrude>1</extrude>
         <altitudeMode>absolute</altitudeMode>
         <coordinates>
            -115.875644,34.582022,741.905
         </coordinates>
      </Point>
   </Placemark>
   <Placemark>
      <name> </name>
      <description>134.0 sec (00:02:14.000)
Lon/lat: -115.8757, 34.5820
Alt: 0.753 km
Vel: 0.001 km/s</description>
      <styleUrl>#sh_shaded_dot_0</styleUrl>
      <Point>
         <extrude>1</extrude>
         <altitudeMode>absolute</altitudeMode>
         <coordinates>
            -115.875708,34.581982,752.533
         </coordinates>
      </Point>
   </Placemark>
   <Placemark>
      <name> </name>
      <description>136.0 sec (00:02:16.000)
Lon/lat: -115.8757, 34.5819
Alt: 0.766 km
Vel: 0.001 km/s</description>
      <styleUrl>#sh_shaded_dot_0</styleUrl>
      <Point>
         <extrude>1</extrude>
         <altitudeMode>absolute</altitudeMode>
         <coordinates>
            -115.875712,34.581946,766.458
         </coordinates>
      </Point>
   </Placemark>
   <Placemark>
      <name> </name>
      <description>138.0 sec (00:02:18.000)
Lon/lat: -115.8757, 34.5819
Alt: 0.778 km
Vel: 0.001 km/s</description>
      <styleUrl>#sh_shaded_dot_0</styleUrl>
      <Point>
         <extrude>1</extrude>
         <altitudeMode>absolute</altitudeMode>
         <coordinates>
            -115.875717,34.581918,777.546
         </coordinates>
      </Point>
   </Placemark>
   <Placemark>
      <name> </name>
      <description>140.0 sec (00:02:20.000)
Lon/lat: -115.8758, 34.5819
Alt: 0.788 km
Vel: 0.001 km/s</description>
      <styleUrl>#sh_shaded_dot_0</styleUrl>
      <Point>
         <extrude>1</extrude>
         <altitudeMode>absolute</altitudeMode>
         <coordinates>
            -115.875797,34.581900,787.855
         </coordinates>
      </Point>
   </Placemark>
   <Placemark>
      <name> </name>
      <description>142.0 sec (00:02:22.000)
Lon/lat: -115.8759, 34.5819
Alt: 0.799 km
Vel: 0.001 km/s</description>
      <styleUrl>#sh_shaded_dot_0</styleUrl>
      <Point>
         <extrude>1</extrude>
         <altitudeMode>absolute</altitudeMode>
         <coordinates>
            -115.875859,34.581883,799.169
         </coordinates>
      </Point>
   </Placemark>
   <Placemark>
      <name> </name>
      <description>144.0 sec (00:02:24.000)
Lon/lat: -115.8758, 34.5819
Alt: 0.809 km
Vel: 0.001 km/s</description>
      <styleUrl>#sh_shaded_dot_0</styleUrl>
      <Point>
         <extrude>1</extrude>
         <altitudeMode>absolute</altitudeMode>
         <coordinates>
            -115.875846,34.581858,809.137
         </coordinates>
      </Point>
   </Placemark>
   <Placemark>
      <name> </name>
      <description>146.0 sec (00:02:26.000)
Lon/lat: -115.8758, 34.5819
Alt: 0.816 km
Vel: 0.001 km/s</description>
      <styleUrl>#sh_shaded_dot_0</styleUrl>
      <Point>
         <extrude>1</extrude>
         <altitudeMode>absolute</altitudeMode>
         <coordinates>
            -115.875826,34.581860,815.807
         </coordinates>
      </Point>
   </Placemark>
   <Placemark>
      <name> </name>
      <description>148.0 sec (00:02:28.000)
Lon/lat: -115.8759, 34.5819
Alt: 0.825 km
Vel: 0.001 km/s</description>
      <styleUrl>#sh_shaded_dot_0</styleUrl>
      <Point>
         <extrude>1</extrude>
         <altitudeMode>absolute</altitudeMode>
         <coordinates>
            -115.875866,34.581858,825.214
         </coordinates>
      </Point>
   </Placemark>
   <Placemark>
      <name> </name>
      <description>150.0 sec (00:02:30.000)
Lon/lat: -115.8760, 34.5819
Alt: 0.835 km
Vel: 0.001 km/s</description>
      <styleUrl>#sh_shaded_dot_0</styleUrl>
      <Point>
         <extrude>1</extrude>
         <altitudeMode>absolute</altitudeMode>
         <coordinates>
            -115.875950,34.581862,835.068
         </coordinates>
      </Point>
   </Placemark>
   <Placemark>
      <name> </name>
      <description>152.0 sec (00:03:32.000)
Lon/lat: -115.8760, 34.5819
Alt: 0.846 km
Vel: 0.001 km/s</description>
      <styleUrl>#sh_shaded_dot_0</styleUrl>
      <Point>
         <extrude>1</extrude>
         <altitudeMode>absolute</altitudeMode>
         <coordinates>
            -115.875977,34.581861,845.894
         </coordinates>
      </Point>
   </Placemark>
   <Placemark>
      <name> </name>
      <description>154.0 sec (00:03:34.000)
Lon/lat: -115.8760, 34.5819
Alt: 0.853 km
Vel: 0.001 km/s</description>
      <styleUrl>#sh_shaded_dot_0</styleUrl>
      <Point>
         <extrude>1</extrude>
         <altitudeMode>absolute</altitudeMode>
         <coordinates>
            -115.876016,34.581858,852.972
         </coordinates>
      </Point>
   </Placemark>
   <Placemark>
      <name> </name>
      <description>156.0 sec (00:03:36.000)
Lon/lat: -115.8760, 34.5818
Alt: 0.862 km
Vel: 0.001 km/s</description>
      <styleUrl>#sh_shaded_dot_0</styleUrl>
      <Point>
         <extrude>1</extrude>
         <altitudeMode>absolute</altitudeMode>
         <coordinates>
            -115.876000,34.581819,862.381
         </coordinates>
      </Point>
   </Placemark>
   <Placemark>
      <name> </name>
      <description>158.0 sec (00:03:38.000)
Lon/lat: -115.8760, 34.5818
Alt: 0.871 km
Vel: 0.001 km/s</description>
      <styleUrl>#sh_shaded_dot_0</styleUrl>
      <Point>
         <extrude>1</extrude>
         <altitudeMode>absolute</altitudeMode>
         <coordinates>
            -115.875978,34.581799,870.747
         </coordinates>
      </Point>
   </Placemark>
   <Placemark>
      <name> </name>
      <description>160.0 sec (00:03:40.000)
Lon/lat: -115.8760, 34.5818
Alt: 0.884 km
Vel: 0.001 km/s</description>
      <styleUrl>#sh_shaded_dot_0</styleUrl>
      <Point>
         <extrude>1</extrude>
         <altitudeMode>absolute</altitudeMode>
         <coordinates>
            -115.875957,34.581759,883.696
         </coordinates>
      </Point>
   </Placemark>
   <Placemark>
      <name> </name>
      <description>162.0 sec (00:03:42.000)
Lon/lat: -115.8760, 34.5817
Alt: 0.892 km
Vel: 0.001 km/s</description>
      <styleUrl>#sh_shaded_dot_0</styleUrl>
      <Point>
         <extrude>1</extrude>
         <altitudeMode>absolute</altitudeMode>
         <coordinates>
            -115.875978,34.581710,891.987
         </coordinates>
      </Point>
   </Placemark>
   <Placemark>
      <name> </name>
      <description>164.0 sec (00:03:44.000)
Lon/lat: -115.8760, 34.5817
Alt: 0.904 km
Vel: 0.001 km/s</description>
      <styleUrl>#sh_shaded_dot_0</styleUrl>
      <Point>
         <extrude>1</extrude>
         <altitudeMode>absolute</altitudeMode>
         <coordinates>
            -115.876020,34.581693,903.512
         </coordinates>
      </Point>
   </Placemark>
   <Placemark>
      <name> </name>
      <description>166.0 sec (00:03:46.000)
Lon/lat: -115.8760, 34.5817
Alt: 0.912 km
Vel: 0.001 km/s</description>
      <styleUrl>#sh_shaded_dot_0</styleUrl>
      <Point>
         <extrude>1</extrude>
         <altitudeMode>absolute</altitudeMode>
         <coordinates>
            -115.876029,34.581693,911.743
         </coordinates>
      </Point>
   </Placemark>
   <Placemark>
      <name> </name>
      <description>168.0 sec (00:03:48.000)
Lon/lat: -115.8760, 34.5817
Alt: 0.922 km
Vel: 0.001 km/s</description>
      <styleUrl>#sh_shaded_dot_0</styleUrl>
      <Point>
         <extrude>1</extrude>
         <altitudeMode>absolute</altitudeMode>
         <coordinates>
            -115.876016,34.581680,921.852
         </coordinates>
      </Point>
   </Placemark>
   <Placemark>
      <name> </name>
      <description>170.0 sec (00:03:50.000)
Lon/lat: -115.8760, 34.5816
Alt: 0.929 km
Vel: 0.001 km/s</description>
      <styleUrl>#sh_shaded_dot_0</styleUrl>
      <Point>
         <extrude>1</extrude>
         <altitudeMode>absolute</altitudeMode>
         <coordinates>
            -115.876003,34.581647,928.565
         </coordinates>
      </Point>
   </Placemark>
   <Placemark>
      <name> </name>
      <description>172.0 sec (00:03:52.000)
Lon/lat: -115.8761, 34.5816
Alt: 0.938 km
Vel: 0.001 km/s</description>
      <styleUrl>#sh_shaded_dot_0</styleUrl>
      <Point>
         <extrude>1</extrude>
         <altitudeMode>absolute</altitudeMode>
         <coordinates>
            -115.876111,34.581617,938.036
         </coordinates>
      </Point>
   </Placemark>
   <Placemark>
      <name> </name>
      <description>174.0 sec (00:03:54.000)
Lon/lat: -115.8761, 34.5816
Alt: 0.951 km
Vel: 0.001 km/s</description>
      <styleUrl>#sh_shaded_dot_0</styleUrl>
      <Point>
         <extrude>1</extrude>
         <altitudeMode>absolute</altitudeMode>
         <coordinates>
            -115.876143,34.581591,950.622
         </coordinates>
      </Point>
   </Placemark>
   <Placemark>
      <name> </name>
      <description>176.0 sec (00:03:56.000)
Lon/lat: -115.8761, 34.5816
Alt: 0.961 km
Vel: 0.001 km/s</description>
      <styleUrl>#sh_shaded_dot_0</styleUrl>
      <Point>
         <extrude>1</extrude>
         <altitudeMode>absolute</altitudeMode>
         <coordinates>
            -115.876142,34.581576,960.763
         </coordinates>
      </Point>
   </Placemark>
   <Placemark>
      <name> </name>
      <description>178.0 sec (00:03:58.000)
Lon/lat: -115.8762, 34.5816
Alt: 0.972 km
Vel: 0.001 km/s</description>
      <styleUrl>#sh_shaded_dot_0</styleUrl>
      <Point>
         <extrude>1</extrude>
         <altitudeMode>absolute</altitudeMode>
         <coordinates>
            -115.876169,34.581570,971.560
         </coordinates>
      </Point>
   </Placemark>
   <Placemark>
      <name> </name>
      <description>180.0 sec (00:03:0.000)
Lon/lat: -115.8762, 34.5815
Alt: 0.980 km
Vel: 0.001 km/s</description>
      <styleUrl>#sh_shaded_dot_0</styleUrl>
      <Point>
         <extrude>1</extrude>
         <altitudeMode>absolute</altitudeMode>
         <coordinates>
            -115.876203,34.581537,980.321
         </coordinates>
      </Point>
   </Placemark>
   <Placemark>
      <name> </name>
      <description>182.0 sec (00:03:2.000)
Lon/lat: -115.8762, 34.5815
Alt: 0.991 km
Vel: 0.001 km/s</description>
      <styleUrl>#sh_shaded_dot_0</styleUrl>
      <Point>
         <extrude>1</extrude>
         <altitudeMode>absolute</altitudeMode>
         <coordinates>
            -115.876246,34.581521,991.242
         </coordinates>
      </Point>
   </Placemark>
   <Placemark>
      <name> </name>
      <description>184.0 sec (00:03:4.000)
Lon/lat: -115.8763, 34.5815
Alt: 0.999 km
Vel: 0.001 km/s</description>
      <styleUrl>#sh_shaded_dot_0</styleUrl>
      <Point>
         <extrude>1</extrude>
         <altitudeMode>absolute</altitudeMode>
         <coordinates>
            -115.876329,34.581498,998.579
         </coordinates>
      </Point>
   </Placemark>
   <Placemark>
      <name> </name>
      <description>186.0 sec (00:03:6.000)
Lon/lat: -115.8764, 34.5815
Alt: 1.011 km
Vel: 0.001 km/s</description>
      <styleUrl>#sh_shaded_dot_0</styleUrl>
      <Point>
         <extrude>1</extrude>
         <altitudeMode>absolute</altitudeMode>
         <coordinates>
            -115.876393,34.581480,1011.000
         </coordinates>
      </Point>
   </Placemark>
   <Placemark>
      <name> </name>
      <description>188.0 sec (00:03:8.000)
Lon/lat: -115.8764, 34.5815
Alt: 1.021 km
Vel: 0.001 km/s</description>
      <styleUrl>#sh_shaded_dot_0</styleUrl>
      <Point>
         <extrude>1</extrude>
         <altitudeMode>absolute</altitudeMode>
         <coordinates>
            -115.876388,34.581452,1021.428
         </coordinates>
      </Point>
   </Placemark>
   <Placemark>
      <name> </name>
      <description>190.0 sec (00:03:10.000)
Lon/lat: -115.8764, 34.5814
Alt: 1.033 km
Vel: 0.001 km/s</description>
      <styleUrl>#sh_shaded_dot_0</styleUrl>
      <Point>
         <extrude>1</extrude>
         <altitudeMode>absolute</altitudeMode>
         <coordinates>
            -115.876426,34.581445,1033.194
         </coordinates>
      </Point>
   </Placemark>
   <Placemark>
      <name> </name>
      <description>192.0 sec (00:03:12.000)
Lon/lat: -115.8764, 34.5814
Alt: 1.041 km
Vel: 0.001 km/s</description>
      <styleUrl>#sh_shaded_dot_0</styleUrl>
      <Point>
         <extrude>1</extrude>
         <altitudeMode>absolute</altitudeMode>
         <coordinates>
            -115.876443,34.581450,1040.538
         </coordinates>
      </Point>
   </Placemark>
   <Placemark>
      <name> </name>
      <description>194.0 sec (00:03:14.000)
Lon/lat: -115.8765, 34.5815
Alt: 1.049 km
Vel: 0.001 km/s</description>
      <styleUrl>#sh_shaded_dot_0</styleUrl>
      <Point>
         <extrude>1</extrude>
         <altitudeMode>absolute</altitudeMode>
         <coordinates>
            -115.876477,34.581453,1049.153
         </coordinates>
      </Point>
   </Placemark>
   <Placemark>
      <name> </name>
      <description>196.0 sec (00:03:16.000)
Lon/lat: -115.8765, 34.5814
Alt: 1.058 km
Vel: 0.001 km/s</description>
      <styleUrl>#sh_shaded_dot_0</styleUrl>
      <Point>
         <extrude>1</extrude>
         <altitudeMode>absolute</altitudeMode>
         <coordinates>
            -115.876487,34.581411,1057.949
         </coordinates>
      </Point>
   </Placemark>
   <Placemark>
      <name> </name>
      <description>198.0 sec (00:03:18.000)
Lon/lat: -115.8765, 34.5814
Alt: 1.068 km
Vel: 0.001 km/s</description>
      <styleUrl>#sh_shaded_dot_0</styleUrl>
      <Point>
         <extrude>1</extrude>
         <altitudeMode>absolute</altitudeMode>
         <coordinates>
            -115.876541,34.581380,1067.965
         </coordinates>
      </Point>
   </Placemark>
   <Placemark>
      <name> </name>
      <description>200.0 sec (00:03:20.000)
Lon/lat: -115.8766, 34.5813
Alt: 1.077 km
Vel: 0.001 km/s</description>
      <styleUrl>#sh_shaded_dot_0</styleUrl>
      <Point>
         <extrude>1</extrude>
         <altitudeMode>absolute</altitudeMode>
         <coordinates>
            -115.876598,34.581333,1077.364
         </coordinates>
      </Point>
   </Placemark>
   <Placemark>
      <name> </name>
      <description>202.0 sec (00:03:22.000)
Lon/lat: -115.8766, 34.5813
Alt: 1.088 km
Vel: 0.001 km/s</description>
      <styleUrl>#sh_shaded_dot_0</styleUrl>
      <Point>
         <extrude>1</extrude>
         <altitudeMode>absolute</altitudeMode>
         <coordinates>
            -115.876597,34.581303,1088.251
         </coordinates>
      </Point>
   </Placemark>
   <Placemark>
      <name> </name>
      <description>204.0 sec (00:03:24.000)
Lon/lat: -115.8766, 34.5813
Alt: 1.100 km
Vel: 0.001 km/s</description>
      <styleUrl>#sh_shaded_dot_0</styleUrl>
      <Point>
         <extrude>1</extrude>
         <altitudeMode>absolute</altitudeMode>
         <coordinates>
            -115.876598,34.581278,1100.481
         </coordinates>
      </Point>
   </Placemark>
   <Placemark>
      <name> </name>
      <description>206.0 sec (00:03:26.000)
Lon/lat: -115.8766, 34.5812
Alt: 1.109 km
Vel: 0.001 km/s</description>
      <styleUrl>#sh_shaded_dot_0</styleUrl>
      <Point>
         <extrude>1</extrude>
         <altitudeMode>absolute</altitudeMode>
         <coordinates>
            -115.876622,34.581231,1108.788
         </coordinates>
      </Point>
   </Placemark>
   <Placemark>
      <name> </name>
      <description>208.0 sec (00:03:28.000)
Lon/lat: -115.8767, 34.5812
Alt: 1.116 km
Vel: 0.001 km/s</description>
      <styleUrl>#sh_shaded_dot_0</styleUrl>
      <Point>
         <extrude>1</extrude>
         <altitudeMode>absolute</altitudeMode>
         <coordinates>
            -115.876662,34.581198,1116.485
         </coordinates>
      </Point>
   </Placemark>
   <Placemark>
      <name> </name>
      <description>210.0 sec (00:04:30.000)
Lon/lat: -115.8768, 34.5812
Alt: 1.126 km
Vel: 0.001 km/s</description>
      <styleUrl>#sh_shaded_dot_0</styleUrl>
      <Point>
         <extrude>1</extrude>
         <altitudeMode>absolute</altitudeMode>
         <coordinates>
            -115.876766,34.581159,1125.578
         </coordinates>
      </Point>
   </Placemark>
   <Placemark>
      <name> </name>
      <description>212.0 sec (00:04:32.000)
Lon/lat: -115.8768, 34.5812
Alt: 1.137 km
Vel: 0.001 km/s</description>
      <styleUrl>#sh_shaded_dot_0</styleUrl>
      <Point>
         <extrude>1</extrude>
         <altitudeMode>absolute</altitudeMode>
         <coordinates>
            -115.876847,34.581157,1136.735
         </coordinates>
      </Point>
   </Placemark>
   <Placemark>
      <name> </name>
      <description>214.0 sec (00:04:34.000)
Lon/lat: -115.8769, 34.5812
Alt: 1.145 km
Vel: 0.001 km/s</description>
      <styleUrl>#sh_shaded_dot_0</styleUrl>
      <Point>
         <extrude>1</extrude>
         <altitudeMode>absolute</altitudeMode>
         <coordinates>
            -115.876880,34.581170,1144.878
         </coordinates>
      </Point>
   </Placemark>
   <Placemark>
      <name> </name>
      <description>216.0 sec (00:04:36.000)
Lon/lat: -115.8769, 34.5812
Alt: 1.151 km
Vel: 0.001 km/s</description>
      <styleUrl>#sh_shaded_dot_0</styleUrl>
      <Point>
         <extrude>1</extrude>
         <altitudeMode>absolute</altitudeMode>
         <coordinates>
            -115.876915,34.581177,1151.293
         </coordinates>
      </Point>
   </Placemark>
   <Placemark>
      <name> </name>
      <description>218.0 sec (00:04:38.000)
Lon/lat: -115.8770, 34.5812
Alt: 1.161 km
Vel: 0.001 km/s</description>
      <styleUrl>#sh_shaded_dot_0</styleUrl>
      <Point>
         <extrude>1</extrude>
         <altitudeMode>absolute</altitudeMode>
         <coordinates>
            -115.876969,34.581158,1161.069
         </coordinates>
      </Point>
   </Placemark>
   <Placemark>
      <name> </name>
      <description>220.0 sec (00:04:40.000)
Lon/lat: -115.8770, 34.5811
Alt: 1.171 km
Vel: 0.001 km/s</description>
      <styleUrl>#sh_shaded_dot_0</styleUrl>
      <Point>
         <extrude>1</extrude>
         <altitudeMode>absolute</altitudeMode>
         <coordinates>
            -115.877014,34.581122,1170.711
         </coordinates>
      </Point>
   </Placemark>
   <Placemark>
      <name> </name>
      <description>222.0 sec (00:04:42.000)
Lon/lat: -115.8771, 34.5811
Alt: 1.181 km
Vel: 0.001 km/s</description>
      <styleUrl>#sh_shaded_dot_0</styleUrl>
      <Point>
         <extrude>1</extrude>
         <altitudeMode>absolute</altitudeMode>
         <coordinates>
            -115.877098,34.581094,1180.500
         </coordinates>
      </Point>
   </Placemark>
   <Placemark>
      <name> </name>
      <description>224.0 sec (00:04:44.000)
Lon/lat: -115.8772, 34.5811
Alt: 1.191 km
Vel: 0.001 km/s</description>
      <styleUrl>#sh_shaded_dot_0</styleUrl>
      <Point>
         <extrude>1</extrude>
         <altitudeMode>absolute</altitudeMode>
         <coordinates>
            -115.877218,34.581084,1190.524
         </coordinates>
      </Point>
   </Placemark>
   <Placemark>
      <name> </name>
      <description>226.0 sec (00:04:46.000)
Lon/lat: -115.8774, 34.5811
Alt: 1.198 km
Vel: 0.001 km/s</description>
      <styleUrl>#sh_shaded_dot_0</styleUrl>
      <Point>
         <extrude>1</extrude>
         <altitudeMode>absolute</altitudeMode>
         <coordinates>
            -115.877350,34.581077,1198.077
         </coordinates>
      </Point>
   </Placemark>
   <Placemark>
      <name> </name>
      <description>228.0 sec (00:04:48.000)
Lon/lat: -115.8775, 34.5811
Alt: 1.208 km
Vel: 0.001 km/s</description>
      <styleUrl>#sh_shaded_dot_0</styleUrl>
      <Point>
         <extrude>1</extrude>
         <altitudeMode>absolute</altitudeMode>
         <coordinates>
            -115.877460,34.581051,1207.968
         </coordinates>
      </Point>
   </Placemark>
   <Placemark>
      <name> </name>
      <description>230.0 sec (00:04:50.000)
Lon/lat: -115.8776, 34.5810
Alt: 1.218 km
Vel: 0.001 km/s</description>
      <styleUrl>#sh_shaded_dot_0</styleUrl>
      <Point>
         <extrude>1</extrude>
         <altitudeMode>absolute</altitudeMode>
         <coordinates>
            -115.877558,34.581013,1218.451
         </coordinates>
      </Point>
   </Placemark>
   <Placemark>
      <name> </name>
      <description>232.0 sec (00:04:52.000)
Lon/lat: -115.8777, 34.5810
Alt: 1.229 km
Vel: 0.001 km/s</description>
      <styleUrl>#sh_shaded_dot_0</styleUrl>
      <Point>
         <extrude>1</extrude>
         <altitudeMode>absolute</altitudeMode>
         <coordinates>
            -115.877669,34.581014,1228.529
         </coordinates>
      </Point>
   </Placemark>
   <Placemark>
      <name> </name>
      <description>234.0 sec (00:04:54.000)
Lon/lat: -115.8778, 34.5810
Alt: 1.241 km
Vel: 0.001 km/s</description>
      <styleUrl>#sh_shaded_dot_0</styleUrl>
      <Point>
         <extrude>1</extrude>
         <altitudeMode>absolute</altitudeMode>
         <coordinates>
            -115.877783,34.581001,1240.649
         </coordinates>
      </Point>
   </Placemark>
   <Placemark>
      <name> </name>
      <description>236.0 sec (00:04:56.000)
Lon/lat: -115.8779, 34.5810
Alt: 1.251 km
Vel: 0.001 km/s</description>
      <styleUrl>#sh_shaded_dot_0</styleUrl>
      <Point>
         <extrude>1</extrude>
         <altitudeMode>absolute</altitudeMode>
         <coordinates>
            -115.877927,34.580979,1250.597
         </coordinates>
      </Point>
   </Placemark>
   <Placemark>
      <name> </name>
      <description>238.0 sec (00:04:58.000)
Lon/lat: -115.8781, 34.5810
Alt: 1.263 km
Vel: 0.001 km/s</description>
      <styleUrl>#sh_shaded_dot_0</styleUrl>
      <Point>
         <extrude>1</extrude>
         <altitudeMode>absolute</altitudeMode>
         <coordinates>
            -115.878062,34.580951,1263.005
         </coordinates>
      </Point>
   </Placemark>
   <Placemark>
      <name> </name>
      <description>240.0 sec (00:04:0.000)
Lon/lat: -115.8781, 34.5809
Alt: 1.272 km
Vel: 0.001 km/s</description>
      <styleUrl>#sh_shaded_dot_0</styleUrl>
      <Point>
         <extrude>1</extrude>
         <altitudeMode>absolute</altitudeMode>
         <coordinates>
            -115.878140,34.580899,1272.476
         </coordinates>
      </Point>
   </Placemark>
   <Placemark>
      <name> </name>
      <description>242.0 sec (00:04:2.000)
Lon/lat: -115.8782, 34.5809
Alt: 1.280 km
Vel: 0.001 km/s</description>
      <styleUrl>#sh_shaded_dot_0</styleUrl>
      <Point>
         <extrude>1</extrude>
         <altitudeMode>absolute</altitudeMode>
         <coordinates>
            -115.878180,34.580856,1280.284
         </coordinates>
      </Point>
   </Placemark>
   <Placemark>
      <name> </name>
      <description>244.0 sec (00:04:4.000)
Lon/lat: -115.8782, 34.5808
Alt: 1.290 km
Vel: 0.001 km/s</description>
      <styleUrl>#sh_shaded_dot_0</styleUrl>
      <Point>
         <extrude>1</extrude>
         <altitudeMode>absolute</altitudeMode>
         <coordinates>
            -115.878193,34.580833,1289.733
         </coordinates>
      </Point>
   </Placemark>
   <Placemark>
      <name> </name>
      <description>246.0 sec (00:04:6.000)
Lon/lat: -115.8782, 34.5808
Alt: 1.299 km
Vel: 0.001 km/s</description>
      <styleUrl>#sh_shaded_dot_0</styleUrl>
      <Point>
         <extrude>1</extrude>
         <altitudeMode>absolute</altitudeMode>
         <coordinates>
            -115.878197,34.580833,1298.638
         </coordinates>
      </Point>
   </Placemark>
   <Placemark>
      <name> </name>
      <description>248.0 sec (00:04:8.000)
Lon/lat: -115.8782, 34.5808
Alt: 1.307 km
Vel: 0.001 km/s</description>
      <styleUrl>#sh_shaded_dot_0</styleUrl>
      <Point>
         <extrude>1</extrude>
         <altitudeMode>absolute</altitudeMode>
         <coordinates>
            -115.878226,34.580801,1307.369
         </coordinates>
      </Point>
   </Placemark>
   <Placemark>
      <name> </name>
      <description>250.0 sec (00:04:10.000)
Lon/lat: -115.8783, 34.5808
Alt: 1.317 km
Vel: 0.001 km/s</description>
      <styleUrl>#sh_shaded_dot_0</styleUrl>
      <Point>
         <extrude>1</extrude>
         <altitudeMode>absolute</altitudeMode>
         <coordinates>
            -115.878310,34.580782,1317.320
         </coordinates>
      </Point>
   </Placemark>
   <Placemark>
      <name> </name>
      <description>252.0 sec (00:04:12.000)
Lon/lat: -115.8784, 34.5808
Alt: 1.325 km
Vel: 0.001 km/s</description>
      <styleUrl>#sh_shaded_dot_0</styleUrl>
      <Point>
         <extrude>1</extrude>
         <altitudeMode>absolute</altitudeMode>
         <coordinates>
            -115.878439,34.580768,1325.381
         </coordinates>
      </Point>
   </Placemark>
   <Placemark>
      <name> </name>
      <description>254.0 sec (00:04:14.000)
Lon/lat: -115.8786, 34.5807
Alt: 1.333 km
Vel: 0.001 km/s</description>
      <styleUrl>#sh_shaded_dot_0</styleUrl>
      <Point>
         <extrude>1</extrude>
         <altitudeMode>absolute</altitudeMode>
         <coordinates>
            -115.878571,34.580736,1332.713
         </coordinates>
      </Point>
   </Placemark>
   <Placemark>
      <name> </name>
      <description>256.0 sec (00:04:16.000)
Lon/lat: -115.8786, 34.5807
Alt: 1.342 km
Vel: 0.001 km/s</description>
      <styleUrl>#sh_shaded_dot_0</styleUrl>
      <Point>
         <extrude>1</extrude>
         <altitudeMode>absolute</altitudeMode>
         <coordinates>
            -115.878618,34.580692,1342.488
         </coordinates>
      </Point>
   </Placemark>
   <Placemark>
      <name> </name>
      <description>258.0 sec (00:04:18.000)
Lon/lat: -115.8786, 34.5806
Alt: 1.350 km
Vel: 0.001 km/s</description>
      <styleUrl>#sh_shaded_dot_0</styleUrl>
      <Point>
         <extrude>1</extrude>
         <altitudeMode>absolute</altitudeMode>
         <coordinates>
            -115.878640,34.580648,1350.480
         </coordinates>
      </Point>
   </Placemark>
   <Placemark>
      <name> </name>
      <description>260.0 sec (00:04:20.000)
Lon/lat: -115.8787, 34.5806
Alt: 1.359 km
Vel: 0.001 km/s</description>
      <styleUrl>#sh_shaded_dot_0</styleUrl>
      <Point>
         <extrude>1</extrude>
         <altitudeMode>absolute</altitudeMode>
         <coordinates>
            -115.878657,34.580608,1358.725
         </coordinates>
      </Point>
   </Placemark>
   <Placemark>
      <name> </name>
      <description>262.0 sec (00:04:22.000)
Lon/lat: -115.8787, 34.5806
Alt: 1.366 km
Vel: 0.001 km/s</description>
      <styleUrl>#sh_shaded_dot_0</styleUrl>
      <Point>
         <extrude>1</extrude>
         <altitudeMode>absolute</altitudeMode>
         <coordinates>
            -115.878672,34.580565,1366.477
         </coordinates>
      </Point>
   </Placemark>
   <Placemark>
      <name> </name>
      <description>264.0 sec (00:04:24.000)
Lon/lat: -115.8787, 34.5805
Alt: 1.376 km
Vel: 0.001 km/s</description>
      <styleUrl>#sh_shaded_dot_0</styleUrl>
      <Point>
         <extrude>1</extrude>
         <altitudeMode>absolute</altitudeMode>
         <coordinates>
            -115.878732,34.580515,1375.993
         </coordinates>
      </Point>
   </Placemark>
   <Placemark>
      <name> </name>
      <description>266.0 sec (00:04:26.000)
Lon/lat: -115.8788, 34.5805
Alt: 1.386 km
Vel: 0.001 km/s</description>
      <styleUrl>#sh_shaded_dot_0</styleUrl>
      <Point>
         <extrude>1</extrude>
         <altitudeMode>absolute</altitudeMode>
         <coordinates>
            -115.878795,34.580497,1386.316
         </coordinates>
      </Point>
   </Placemark>
   <Placemark>
      <name> </name>
      <description>268.0 sec (00:04:28.000)
Lon/lat: -115.8788, 34.5805
Alt: 1.396 km
Vel: 0.001 km/s</description>
      <styleUrl>#sh_shaded_dot_0</styleUrl>
      <Point>
         <extrude>1</extrude>
         <altitudeMode>absolute</altitudeMode>
         <coordinates>
            -115.878850,34.580497,1395.935
         </coordinates>
      </Point>
   </Placemark>
   <Placemark>
      <name> </name>
      <description>270.0 sec (00:04:30.000)
Lon/lat: -115.8789, 34.5805
Alt: 1.403 km
Vel: 0.001 km/s</description>
      <styleUrl>#sh_shaded_dot_0</styleUrl>
      <Point>
         <extrude>1</extrude>
         <altitudeMode>absolute</altitudeMode>
         <coordinates>
            -115.878857,34.580490,1403.091
         </coordinates>
      </Point>
   </Placemark>
   <Placemark>
      <name> </name>
      <description>272.0 sec (00:05:32.000)
Lon/lat: -115.8788, 34.5805
Alt: 1.411 km
Vel: 0.001 km/s</description>
      <styleUrl>#sh_shaded_dot_0</styleUrl>
      <Point>
         <extrude>1</extrude>
         <altitudeMode>absolute</altitudeMode>
         <coordinates>
            -115.878839,34.580474,1411.230
         </coordinates>
      </Point>
   </Placemark>
   <Placemark>
      <name> </name>
      <description>274.0 sec (00:05:34.000)
Lon/lat: -115.8788, 34.5805
Alt: 1.418 km
Vel: 0.001 km/s</description>
      <styleUrl>#sh_shaded_dot_0</styleUrl>
      <Point>
         <extrude>1</extrude>
         <altitudeMode>absolute</altitudeMode>
         <coordinates>
            -115.878813,34.580467,1417.759
         </coordinates>
      </Point>
   </Placemark>
   <Placemark>
      <name> </name>
      <description>276.0 sec (00:05:36.000)
Lon/lat: -115.8788, 34.5804
Alt: 1.426 km
Vel: 0.001 km/s</description>
      <styleUrl>#sh_shaded_dot_0</styleUrl>
      <Point>
         <extrude>1</extrude>
         <altitudeMode>absolute</altitudeMode>
         <coordinates>
            -115.878799,34.580444,1425.701
         </coordinates>
      </Point>
   </Placemark>
   <Placemark>
      <name> </name>
      <description>278.0 sec (00:05:38.000)
Lon/lat: -115.8789, 34.5804
Alt: 1.435 km
Vel: 0.001 km/s</description>
      <styleUrl>#sh_shaded_dot_0</styleUrl>
      <Point>
         <extrude>1</extrude>
         <altitudeMode>absolute</altitudeMode>
         <coordinates>
            -115.878875,34.580420,1435.251
         </coordinates>
      </Point>
   </Placemark>
   <Placemark>
      <name> </name>
      <description>280.0 sec (00:05:40.000)
Lon/lat: -115.8789, 34.5804
Alt: 1.444 km
Vel: 0.001 km/s</description>
      <styleUrl>#sh_shaded_dot_0</styleUrl>
      <Point>
         <extrude>1</extrude>
         <altitudeMode>absolute</altitudeMode>
         <coordinates>
            -115.878931,34.580384,1443.630
         </coordinates>
      </Point>
   </Placemark>
   <Placemark>
      <name> </name>
      <description>282.0 sec (00:05:42.000)
Lon/lat: -115.8789, 34.5804
Alt: 1.452 km
Vel: 0.001 km/s</description>
      <styleUrl>#sh_shaded_dot_0</styleUrl>
      <Point>
         <extrude>1</extrude>
         <altitudeMode>absolute</altitudeMode>
         <coordinates>
            -115.878916,34.580381,1452.304
         </coordinates>
      </Point>
   </Placemark>
   <Placemark>
      <name> </name>
      <description>284.0 sec (00:05:44.000)
Lon/lat: -115.8789, 34.5804
Alt: 1.460 km
Vel: 0.001 km/s</description>
      <styleUrl>#sh_shaded_dot_0</styleUrl>
      <Point>
         <extrude>1</extrude>
         <altitudeMode>absolute</altitudeMode>
         <coordinates>
            -115.878903,34.580372,1460.081
         </coordinates>
      </Point>
   </Placemark>
   <Placemark>
      <name> </name>
      <description>286.0 sec (00:05:46.000)
Lon/lat: -115.8789, 34.5804
Alt: 1.474 km
Vel: 0.001 km/s</description>
      <styleUrl>#sh_shaded_dot_0</styleUrl>
      <Point>
         <extrude>1</extrude>
         <altitudeMode>absolute</altitudeMode>
         <coordinates>
            -115.878945,34.580372,1474.185
         </coordinates>
      </Point>
   </Placemark>
   <Placemark>
      <name> </name>
      <description>288.0 sec (00:05:48.000)
Lon/lat: -115.8790, 34.5804
Alt: 1.483 km
Vel: 0.001 km/s</description>
      <styleUrl>#sh_shaded_dot_0</styleUrl>
      <Point>
         <extrude>1</extrude>
         <altitudeMode>absolute</altitudeMode>
         <coordinates>
            -115.878994,34.580393,1483.041
         </coordinates>
      </Point>
   </Placemark>
   <Placemark>
      <name> </name>
      <description>290.0 sec (00:05:50.000)
Lon/lat: -115.8791, 34.5804
Alt: 1.493 km
Vel: 0.001 km/s</description>
      <styleUrl>#sh_shaded_dot_0</styleUrl>
      <Point>
         <extrude>1</extrude>
         <altitudeMode>absolute</altitudeMode>
         <coordinates>
            -115.879076,34.580413,1492.569
         </coordinates>
      </Point>
   </Placemark>
   <Placemark>
      <name> </name>
      <description>292.0 sec (00:05:52.000)
Lon/lat: -115.8791, 34.5804
Alt: 1.502 km
Vel: 0.001 km/s</description>
      <styleUrl>#sh_shaded_dot_0</styleUrl>
      <Point>
         <extrude>1</extrude>
         <altitudeMode>absolute</altitudeMode>
         <coordinates>
            -115.879148,34.580433,1502.445
         </coordinates>
      </Point>
   </Placemark>
   <Placemark>
      <name> </name>
      <description>294.0 sec (00:05:54.000)
Lon/lat: -115.8792, 34.5804
Alt: 1.513 km
Vel: 0.001 km/s</description>
      <styleUrl>#sh_shaded_dot_0</styleUrl>
      <Point>
         <extrude>1</extrude>
         <altitudeMode>absolute</altitudeMode>
         <coordinates>
            -115.879171,34.580441,1512.710
         </coordinates>
      </Point>
   </Placemark>
   <Placemark>
      <name> </name>
      <description>296.0 sec (00:05:56.000)
Lon/lat: -115.8792, 34.5804
Alt: 1.522 km
Vel: 0.001 km/s</description>
      <styleUrl>#sh_shaded_dot_0</styleUrl>
      <Point>
         <extrude>1</extrude>
         <altitudeMode>absolute</altitudeMode>
         <coordinates>
            -115.879173,34.580412,1522.329
         </coordinates>
      </Point>
   </Placemark>
   <Placemark>
      <name> </name>
      <description>298.0 sec (00:05:58.000)
Lon/lat: -115.8791, 34.5804
Alt: 1.531 km
Vel: 0.001 km/s</description>
      <styleUrl>#sh_shaded_dot_0</styleUrl>
      <Point>
         <extrude>1</extrude>
         <altitudeMode>absolute</altitudeMode>
         <coordinates>
            -115.879136,34.580393,1530.570
         </coordinates>
      </Point>
   </Placemark>
   <Placemark>
      <name> </name>
      <description>300.0 sec (00:05:0.000)
Lon/lat: -115.8792, 34.5804
Alt: 1.541 km
Vel: 0.001 km/s</description>
      <styleUrl>#sh_shaded_dot_0</styleUrl>
      <Point>
         <extrude>1</extrude>
         <altitudeMode>absolute</altitudeMode>
         <coordinates>
            -115.879178,34.580386,1541.377
         </coordinates>
      </Point>
   </Placemark>
   <Placemark>
      <name> </name>
      <description>302.0 sec (00:05:2.000)
Lon/lat: -115.8792, 34.5804
Alt: 1.548 km
Vel: 0.001 km/s</description>
      <styleUrl>#sh_shaded_dot_0</styleUrl>
      <Point>
         <extrude>1</extrude>
         <altitudeMode>absolute</altitudeMode>
         <coordinates>
            -115.879249,34.580373,1548.175
         </coordinates>
      </Point>
   </Placemark>
   <Placemark>
      <name> </name>
      <description>304.0 sec (00:05:4.000)
Lon/lat: -115.8792, 34.5804
Alt: 1.557 km
Vel: 0.001 km/s</description>
      <styleUrl>#sh_shaded_dot_0</styleUrl>
      <Point>
         <extrude>1</extrude>
         <altitudeMode>absolute</altitudeMode>
         <coordinates>
            -115.879239,34.580373,1557.147
         </coordinates>
      </Point>
   </Placemark>
   <Placemark>
      <name> </name>
      <description>306.0 sec (00:05:6.000)
Lon/lat: -115.8792, 34.5804
Alt: 1.567 km
Vel: 0.001 km/s</description>
      <styleUrl>#sh_shaded_dot_0</styleUrl>
      <Point>
         <extrude>1</extrude>
         <altitudeMode>absolute</altitudeMode>
         <coordinates>
            -115.879182,34.580362,1567.495
         </coordinates>
      </Point>
   </Placemark>
   <Placemark>
      <name> </name>
      <description>308.0 sec (00:05:8.000)
Lon/lat: -115.8791, 34.5803
Alt: 1.577 km
Vel: 0.001 km/s</description>
      <styleUrl>#sh_shaded_dot_0</styleUrl>
      <Point>
         <extrude>1</extrude>
         <altitudeMode>absolute</altitudeMode>
         <coordinates>
            -115.879143,34.580332,1576.554
         </coordinates>
      </Point>
   </Placemark>
   <Placemark>
      <name> </name>
      <description>310.0 sec (00:05:10.000)
Lon/lat: -115.8791, 34.5803
Alt: 1.588 km
Vel: 0.001 km/s</description>
      <styleUrl>#sh_shaded_dot_0</styleUrl>
      <Point>
         <extrude>1</extrude>
         <altitudeMode>absolute</altitudeMode>
         <coordinates>
            -115.879094,34.580330,1587.888
         </coordinates>
      </Point>
   </Placemark>
   <Placemark>
      <name> </name>
      <description>312.0 sec (00:05:12.000)
Lon/lat: -115.8791, 34.5803
Alt: 1.596 km
Vel: 0.001 km/s</description>
      <styleUrl>#sh_shaded_dot_0</styleUrl>
      <Point>
         <extrude>1</extrude>
         <altitudeMode>absolute</altitudeMode>
         <coordinates>
            -115.879111,34.580339,1595.911
         </coordinates>
      </Point>
   </Placemark>
   <Placemark>
      <name> </name>
      <description>314.0 sec (00:05:14.000)
Lon/lat: -115.8791, 34.5804
Alt: 1.606 km
Vel: 0.001 km/s</description>
      <styleUrl>#sh_shaded_dot_0</styleUrl>
      <Point>
         <extrude>1</extrude>
         <altitudeMode>absolute</altitudeMode>
         <coordinates>
            -115.879146,34.580356,1606.133
         </coordinates>
      </Point>
   </Placemark>
   <Placemark>
      <name> </name>
      <description>316.0 sec (00:05:16.000)
Lon/lat: -115.8792, 34.5804
Alt: 1.615 km
Vel: 0.001 km/s</description>
      <styleUrl>#sh_shaded_dot_0</styleUrl>
      <Point>
         <extrude>1</extrude>
         <altitudeMode>absolute</altitudeMode>
         <coordinates>
            -115.879177,34.580374,1615.161
         </coordinates>
      </Point>
   </Placemark>
   <Placemark>
      <name> </name>
      <description>318.0 sec (00:05:18.000)
Lon/lat: -115.8792, 34.5804
Alt: 1.623 km
Vel: 0.001 km/s</description>
      <styleUrl>#sh_shaded_dot_0</styleUrl>
      <Point>
         <extrude>1</extrude>
         <altitudeMode>absolute</altitudeMode>
         <coordinates>
            -115.879250,34.580373,1623.367
         </coordinates>
      </Point>
   </Placemark>
   <Placemark>
      <name> </name>
      <description>320.0 sec (00:05:20.000)
Lon/lat: -115.8793, 34.5803
Alt: 1.631 km
Vel: 0.001 km/s</description>
      <styleUrl>#sh_shaded_dot_0</styleUrl>
      <Point>
         <extrude>1</extrude>
         <altitudeMode>absolute</altitudeMode>
         <coordinates>
            -115.879269,34.580349,1630.909
         </coordinates>
      </Point>
   </Placemark>
   <Placemark>
      <name> </name>
      <description>322.0 sec (00:05:22.000)
Lon/lat: -115.8792, 34.5803
Alt: 1.639 km
Vel: 0.001 km/s</description>
      <styleUrl>#sh_shaded_dot_0</styleUrl>
      <Point>
         <extrude>1</extrude>
         <altitudeMode>absolute</altitudeMode>
         <coordinates>
            -115.879220,34.580332,1639.494
         </coordinates>
      </Point>
   </Placemark>
   <Placemark>
      <name> </name>
      <description>324.0 sec (00:05:24.000)
Lon/lat: -115.8791, 34.5803
Alt: 1.647 km
Vel: 0.001 km/s</description>
      <styleUrl>#sh_shaded_dot_0</styleUrl>
      <Point>
         <extrude>1</extrude>
         <altitudeMode>absolute</altitudeMode>
         <coordinates>
            -115.879150,34.580336,1647.121
         </coordinates>
      </Point>
   </Placemark>
   <Placemark>
      <name> </name>
      <description>326.0 sec (00:05:26.000)
Lon/lat: -115.8791, 34.5803
Alt: 1.656 km
Vel: 0.001 km/s</description>
      <styleUrl>#sh_shaded_dot_0</styleUrl>
      <Point>
         <extrude>1</extrude>
         <altitudeMode>absolute</altitudeMode>
         <coordinates>
            -115.879102,34.580341,1656.414
         </coordinates>
      </Point>
   </Placemark>
   <Placemark>
      <name> </name>
      <description>328.0 sec (00:05:28.000)
Lon/lat: -115.8791, 34.5803
Alt: 1.666 km
Vel: 0.001 km/s</description>
      <styleUrl>#sh_shaded_dot_0</styleUrl>
      <Point>
         <extrude>1</extrude>
         <altitudeMode>absolute</altitudeMode>
         <coordinates>
            -115.879096,34.580327,1665.941
         </coordinates>
      </Point>
   </Placemark>
   <Placemark>
      <name> </name>
      <description>330.0 sec (00:06:30.000)
Lon/lat: -115.8791, 34.5803
Alt: 1.672 km
Vel: 0.001 km/s</description>
      <styleUrl>#sh_shaded_dot_0</styleUrl>
      <Point>
         <extrude>1</extrude>
         <altitudeMode>absolute</altitudeMode>
         <coordinates>
            -115.879113,34.580312,1672.355
         </coordinates>
      </Point>
   </Placemark>
   <Placemark>
      <name> </name>
      <description>332.0 sec (00:06:32.000)
Lon/lat: -115.8791, 34.5803
Alt: 1.682 km
Vel: 0.001 km/s</description>
      <styleUrl>#sh_shaded_dot_0</styleUrl>
      <Point>
         <extrude>1</extrude>
         <altitudeMode>absolute</altitudeMode>
         <coordinates>
            -115.879064,34.580296,1682.450
         </coordinates>
      </Point>
   </Placemark>
   <Placemark>
      <name> </name>
      <description>334.0 sec (00:06:34.000)
Lon/lat: -115.8790, 34.5803
Alt: 1.689 km
Vel: 0.001 km/s</description>
      <styleUrl>#sh_shaded_dot_0</styleUrl>
      <Point>
         <extrude>1</extrude>
         <altitudeMode>absolute</altitudeMode>
         <coordinates>
            -115.878974,34.580295,1689.466
         </coordinates>
      </Point>
   </Placemark>
   <Placemark>
      <name> </name>
      <description>336.0 sec (00:06:36.000)
Lon/lat: -115.8789, 34.5803
Alt: 1.696 km
Vel: 0.001 km/s</description>
      <styleUrl>#sh_shaded_dot_0</styleUrl>
      <Point>
         <extrude>1</extrude>
         <altitudeMode>absolute</altitudeMode>
         <coordinates>
            -115.878907,34.580283,1695.689
         </coordinates>
      </Point>
   </Placemark>
   <Placemark>
      <name> </name>
      <description>338.0 sec (00:06:38.000)
Lon/lat: -115.8789, 34.5803
Alt: 1.702 km
Vel: 0.001 km/s</description>
      <styleUrl>#sh_shaded_dot_0</styleUrl>
      <Point>
         <extrude>1</extrude>
         <altitudeMode>absolute</altitudeMode>
         <coordinates>
            -115.878881,34.580277,1702.055
         </coordinates>
      </Point>
   </Placemark>
   <Placemark>
      <name> </name>
      <description>340.0 sec (00:06:40.000)
Lon/lat: -115.8788, 34.5802
Alt: 1.708 km
Vel: 0.001 km/s</description>
      <styleUrl>#sh_shaded_dot_0</styleUrl>
      <Point>
         <extrude>1</extrude>
         <altitudeMode>absolute</altitudeMode>
         <coordinates>
            -115.878841,34.580247,1708.393
         </coordinates>
      </Point>
   </Placemark>
   <Placemark>
      <name> </name>
      <description>342.0 sec (00:06:42.000)
Lon/lat: -115.8788, 34.5802
Alt: 1.716 km
Vel: 0.001 km/s</description>
      <styleUrl>#sh_shaded_dot_0</styleUrl>
      <Point>
         <extrude>1</extrude>
         <altitudeMode>absolute</altitudeMode>
         <coordinates>
            -115.878817,34.580248,1715.609
         </coordinates>
      </Point>
   </Placemark>
   <Placemark>
      <name> </name>
      <description>344.0 sec (00:06:44.000)
Lon/lat: -115.8788, 34.5802
Alt: 1.723 km
Vel: 0.001 km/s</description>
      <styleUrl>#sh_shaded_dot_0</styleUrl>
      <Point>
         <extrude>1</extrude>
         <altitudeMode>absolute</altitudeMode>
         <coordinates>
            -115.878760,34.580233,1722.913
         </coordinates>
      </Point>
   </Placemark>
   <Placemark>
      <name> </name>
      <description>346.0 sec (00:06:46.000)
Lon/lat: -115.8788, 34.5802
Alt: 1.730 km
Vel: 0.001 km/s</description>
      <styleUrl>#sh_shaded_dot_0</styleUrl>
      <Point>
         <extrude>1</extrude>
         <altitudeMode>absolute</altitudeMode>
         <coordinates>
            -115.878770,34.580227,1729.944
         </coordinates>
      </Point>
   </Placemark>
   <Placemark>
      <name> </name>
      <description>348.0 sec (00:06:48.000)
Lon/lat: -115.8788, 34.5802
Alt: 1.742 km
Vel: 0.001 km/s</description>
      <styleUrl>#sh_shaded_dot_0</styleUrl>
      <Point>
         <extrude>1</extrude>
         <altitudeMode>absolute</altitudeMode>
         <coordinates>
            -115.878757,34.580223,1742.394
         </coordinates>
      </Point>
   </Placemark>
   <Placemark>
      <name> </name>
      <description>350.0 sec (00:06:50.000)
Lon/lat: -115.8787, 34.5802
Alt: 1.754 km
Vel: 0.001 km/s</description>
      <styleUrl>#sh_shaded_dot_0</styleUrl>
      <Point>
         <extrude>1</extrude>
         <altitudeMode>absolute</altitudeMode>
         <coordinates>
            -115.878685,34.580213,1753.521
         </coordinates>
      </Point>
   </Placemark>
   <Placemark>
      <name> </name>
      <description>352.0 sec (00:06:52.000)
Lon/lat: -115.8786, 34.5802
Alt: 1.761 km
Vel: 0.001 km/s</description>
      <styleUrl>#sh_shaded_dot_0</styleUrl>
      <Point>
         <extrude>1</extrude>
         <altitudeMode>absolute</altitudeMode>
         <coordinates>
            -115.878616,34.580226,1761.261
         </coordinates>
      </Point>
   </Placemark>
   <Placemark>
      <name> </name>
      <description>354.0 sec (00:06:54.000)
Lon/lat: -115.8786, 34.5802
Alt: 1.770 km
Vel: 0.001 km/s</description>
      <styleUrl>#sh_shaded_dot_0</styleUrl>
      <Point>
         <extrude>1</extrude>
         <altitudeMode>absolute</altitudeMode>
         <coordinates>
            -115.878590,34.580221,1770.495
         </coordinates>
      </Point>
   </Placemark>
   <Placemark>
      <name> </name>
      <description>356.0 sec (00:06:56.000)
Lon/lat: -115.8786, 34.5802
Alt: 1.780 km
Vel: 0.001 km/s</description>
      <styleUrl>#sh_shaded_dot_0</styleUrl>
      <Point>
         <extrude>1</extrude>
         <altitudeMode>absolute</altitudeMode>
         <coordinates>
            -115.878571,34.580185,1779.968
         </coordinates>
      </Point>
   </Placemark>
   <Placemark>
      <name> </name>
      <description>358.0 sec (00:06:58.000)
Lon/lat: -115.8786, 34.5802
Alt: 1.790 km
Vel: 0.001 km/s</description>
      <styleUrl>#sh_shaded_dot_0</styleUrl>
      <Point>
         <extrude>1</extrude>
         <altitudeMode>absolute</altitudeMode>
         <coordinates>
            -115.878577,34.580159,1789.638
         </coordinates>
      </Point>
   </Placemark>
   <Placemark>
      <name> </name>
      <description>360.0 sec (00:06:0.000)
Lon/lat: -115.8786, 34.5802
Alt: 1.798 km
Vel: 0.001 km/s</description>
      <styleUrl>#sh_shaded_dot_0</styleUrl>
      <Point>
         <extrude>1</extrude>
         <altitudeMode>absolute</altitudeMode>
         <coordinates>
            -115.878580,34.580158,1798.316
         </coordinates>
      </Point>
   </Placemark>
   <Placemark>
      <name> </name>
      <description>362.0 sec (00:06:2.000)
Lon/lat: -115.8786, 34.5801
Alt: 1.808 km
Vel: 0.001 km/s</description>
      <styleUrl>#sh_shaded_dot_0</styleUrl>
      <Point>
         <extrude>1</extrude>
         <altitudeMode>absolute</altitudeMode>
         <coordinates>
            -115.878580,34.580146,1807.594
         </coordinates>
      </Point>
   </Placemark>
   <Placemark>
      <name> </name>
      <description>364.0 sec (00:06:4.000)
Lon/lat: -115.8786, 34.5801
Alt: 1.815 km
Vel: 0.001 km/s</description>
      <styleUrl>#sh_shaded_dot_0</styleUrl>
      <Point>
         <extrude>1</extrude>
         <altitudeMode>absolute</altitudeMode>
         <coordinates>
            -115.878561,34.580116,1814.798
         </coordinates>
      </Point>
   </Placemark>
   <Placemark>
      <name> </name>
      <description>366.0 sec (00:06:6.000)
Lon/lat: -115.8785, 34.5801
Alt: 1.822 km
Vel: 0.001 km/s</description>
      <styleUrl>#sh_shaded_dot_0</styleUrl>
      <Point>
         <extrude>1</extrude>
         <altitudeMode>absolute</altitudeMode>
         <coordinates>
            -115.878510,34.580095,1822.058
         </coordinates>
      </Point>
   </Placemark>
   <Placemark>
      <name> </name>
      <description>368.0 sec (00:06:8.000)
Lon/lat: -115.8785, 34.5801
Alt: 1.831 km
Vel: 0.001 km/s</description>
      <styleUrl>#sh_shaded_dot_0</styleUrl>
      <Point>
         <extrude>1</extrude>
         <altitudeMode>absolute</altitudeMode>
         <coordinates>
            -115.878495,34.580062,1831.382
         </coordinates>
      </Point>
   </Placemark>
   <Placemark>
      <name> </name>
      <description>370.0 sec (00:06:10.000)
Lon/lat: -115.8785, 34.5800
Alt: 1.840 km
Vel: 0.001 km/s</description>
      <styleUrl>#sh_shaded_dot_0</styleUrl>
      <Point>
         <extrude>1</extrude>
         <altitudeMode>absolute</altitudeMode>
         <coordinates>
            -115.878452,34.580016,1840.095
         </coordinates>
      </Point>
   </Placemark>
   <Placemark>
      <name> </name>
      <description>372.0 sec (00:06:12.000)
Lon/lat: -115.8784, 34.5800
Alt: 1.850 km
Vel: 0.001 km/s</description>
      <styleUrl>#sh_shaded_dot_0</styleUrl>
      <Point>
         <extrude>1</extrude>
         <altitudeMode>absolute</altitudeMode>
         <coordinates>
            -115.878394,34.579994,1849.896
         </coordinates>
      </Point>
   </Placemark>
   <Placemark>
      <name> </name>
      <description>374.0 sec (00:06:14.000)
Lon/lat: -115.8784, 34.5800
Alt: 1.860 km
Vel: 0.001 km/s</description>
      <styleUrl>#sh_shaded_dot_0</styleUrl>
      <Point>
         <extrude>1</extrude>
         <altitudeMode>absolute</altitudeMode>
         <coordinates>
            -115.878379,34.579963,1860.306
         </coordinates>
      </Point>
   </Placemark>
   <Placemark>
      <name> </name>
      <description>376.0 sec (00:06:16.000)
Lon/lat: -115.8784, 34.5799
Alt: 1.868 km
Vel: 0.001 km/s</description>
      <styleUrl>#sh_shaded_dot_0</styleUrl>
      <Point>
         <extrude>1</extrude>
         <altitudeMode>absolute</altitudeMode>
         <coordinates>
            -115.878407,34.579924,1868.383
         </coordinates>
      </Point>
   </Placemark>
   <Placemark>
      <name> </name>
      <description>378.0 sec (00:06:18.000)
Lon/lat: -115.8784, 34.5799
Alt: 1.876 km
Vel: 0.001 km/s</description>
      <styleUrl>#sh_shaded_dot_0</styleUrl>
      <Point>
         <extrude>1</extrude>
         <altitudeMode>absolute</altitudeMode>
         <coordinates>
            -115.878393,34.579882,1876.445
         </coordinates>
      </Point>
   </Placemark>
   <Placemark>
      <name> </name>
      <description>380.0 sec (00:06:20.000)
Lon/lat: -115.8784, 34.5798
Alt: 1.884 km
Vel: 0.001 km/s</description>
      <styleUrl>#sh_shaded_dot_0</styleUrl>
      <Point>
         <extrude>1</extrude>
         <altitudeMode>absolute</altitudeMode>
         <coordinates>
            -115.878364,34.579844,1884.126
         </coordinates>
      </Point>
   </Placemark>
   <Placemark>
      <name> </name>
      <description>382.0 sec (00:06:22.000)
Lon/lat: -115.8783, 34.5798
Alt: 1.895 km
Vel: 0.001 km/s</description>
      <styleUrl>#sh_shaded_dot_0</styleUrl>
      <Point>
         <extrude>1</extrude>
         <altitudeMode>absolute</altitudeMode>
         <coordinates>
            -115.878330,34.579804,1894.988
         </coordinates>
      </Point>
   </Placemark>
   <Placemark>
      <name> </name>
      <description>384.0 sec (00:06:24.000)
Lon/lat: -115.8783, 34.5798
Alt: 1.903 km
Vel: 0.001 km/s</description>
      <styleUrl>#sh_shaded_dot_0</styleUrl>
      <Point>
         <extrude>1</extrude>
         <altitudeMode>absolute</altitudeMode>
         <coordinates>
            -115.878285,34.579766,1903.439
         </coordinates>
      </Point>
   </Placemark>
   <Placemark>
      <name> </name>
      <description>386.0 sec (00:06:26.000)
Lon/lat: -115.8783, 34.5798
Alt: 1.912 km
Vel: 0.001 km/s</description>
      <styleUrl>#sh_shaded_dot_0</styleUrl>
      <Point>
         <extrude>1</extrude>
         <altitudeMode>absolute</altitudeMode>
         <coordinates>
            -115.878284,34.579753,1912.137
         </coordinates>
      </Point>
   </Placemark>
   <Placemark>
      <name> </name>
      <description>388.0 sec (00:06:28.000)
Lon/lat: -115.8783, 34.5797
Alt: 1.920 km
Vel: 0.001 km/s</description>
      <styleUrl>#sh_shaded_dot_0</styleUrl>
      <Point>
         <extrude>1</extrude>
         <altitudeMode>absolute</altitudeMode>
         <coordinates>
            -115.878322,34.579711,1920.299
         </coordinates>
      </Point>
   </Placemark>
   <Placemark>
      <name> </name>
      <description>390.0 sec (00:06:30.000)
Lon/lat: -115.8783, 34.5797
Alt: 1.927 km
Vel: 0.001 km/s</description>
      <styleUrl>#sh_shaded_dot_0</styleUrl>
      <Point>
         <extrude>1</extrude>
         <altitudeMode>absolute</altitudeMode>
         <coordinates>
            -115.878348,34.579676,1927.457
         </coordinates>
      </Point>
   </Placemark>
   <Placemark>
      <name> </name>
      <description>392.0 sec (00:07:32.000)
Lon/lat: -115.8784, 34.5797
Alt: 1.936 km
Vel: 0.001 km/s</description>
      <styleUrl>#sh_shaded_dot_0</styleUrl>
      <Point>
         <extrude>1</extrude>
         <altitudeMode>absolute</altitudeMode>
         <coordinates>
            -115.878358,34.579657,1936.089
         </coordinates>
      </Point>
   </Placemark>
   <Placemark>
      <name> </name>
      <description>394.0 sec (00:07:34.000)
Lon/lat: -115.8784, 34.5796
Alt: 1.946 km
Vel: 0.001 km/s</description>
      <styleUrl>#sh_shaded_dot_0</styleUrl>
      <Point>
         <extrude>1</extrude>
         <altitudeMode>absolute</altitudeMode>
         <coordinates>
            -115.878399,34.579620,1945.665
         </coordinates>
      </Point>
   </Placemark>
   <Placemark>
      <name> </name>
      <description>396.0 sec (00:07:36.000)
Lon/lat: -115.8784, 34.5796
Alt: 1.952 km
Vel: 0.001 km/s</description>
      <styleUrl>#sh_shaded_dot_0</styleUrl>
      <Point>
         <extrude>1</extrude>
         <altitudeMode>absolute</altitudeMode>
         <coordinates>
            -115.878412,34.579588,1951.654
         </coordinates>
      </Point>
   </Placemark>
   <Placemark>
      <name> </name>
      <description>398.0 sec (00:07:38.000)
Lon/lat: -115.8784, 34.5796
Alt: 1.960 km
Vel: 0.001 km/s</description>
      <styleUrl>#sh_shaded_dot_0</styleUrl>
      <Point>
         <extrude>1</extrude>
         <altitudeMode>absolute</altitudeMode>
         <coordinates>
            -115.878409,34.579567,1959.708
         </coordinates>
      </Point>
   </Placemark>
   <Placemark>
      <name> </name>
      <description>400.0 sec (00:07:40.000)
Lon/lat: -115.8784, 34.5795
Alt: 1.968 km
Vel: 0.001 km/s</description>
      <styleUrl>#sh_shaded_dot_0</styleUrl>
      <Point>
         <extrude>1</extrude>
         <altitudeMode>absolute</altitudeMode>
         <coordinates>
            -115.878433,34.579534,1968.021
         </coordinates>
      </Point>
   </Placemark>
   <Placemark>
      <name> </name>
      <description>402.0 sec (00:07:42.000)
Lon/lat: -115.8784, 34.5795
Alt: 1.977 km
Vel: 0.001 km/s</description>
      <styleUrl>#sh_shaded_dot_0</styleUrl>
      <Point>
         <extrude>1</extrude>
         <altitudeMode>absolute</altitudeMode>
         <coordinates>
            -115.878392,34.579487,1976.830
         </coordinates>
      </Point>
   </Placemark>
   <Placemark>
      <name> </name>
      <description>404.0 sec (00:07:44.000)
Lon/lat: -115.8783, 34.5794
Alt: 1.985 km
Vel: 0.001 km/s</description>
      <styleUrl>#sh_shaded_dot_0</styleUrl>
      <Point>
         <extrude>1</extrude>
         <altitudeMode>absolute</altitudeMode>
         <coordinates>
            -115.878350,34.579449,1985.003
         </coordinates>
      </Point>
   </Placemark>
   <Placemark>
      <name> </name>
      <description>406.0 sec (00:07:46.000)
Lon/lat: -115.8783, 34.5794
Alt: 1.994 km
Vel: 0.001 km/s</description>
      <styleUrl>#sh_shaded_dot_0</styleUrl>
      <Point>
         <extrude>1</extrude>
         <altitudeMode>absolute</altitudeMode>
         <coordinates>
            -115.878310,34.579434,1993.622
         </coordinates>
      </Point>
   </Placemark>
   <Placemark>
      <name> </name>
      <description>408.0 sec (00:07:48.000)
Lon/lat: -115.8783, 34.5794
Alt: 2.001 km
Vel: 0.001 km/s</description>
      <styleUrl>#sh_shaded_dot_0</styleUrl>
      <Point>
         <extrude>1</extrude>
         <altitudeMode>absolute</altitudeMode>
         <coordinates>
            -115.878304,34.579394,2000.618
         </coordinates>
      </Point>
   </Placemark>
   <Placemark>
      <name> </name>
      <description>410.0 sec (00:07:50.000)
Lon/lat: -115.8783, 34.5794
Alt: 2.008 km
Vel: 0.001 km/s</description>
      <styleUrl>#sh_shaded_dot_0</styleUrl>
      <Point>
         <extrude>1</extrude>
         <altitudeMode>absolute</altitudeMode>
         <coordinates>
            -115.878295,34.579366,2008.323
         </coordinates>
      </Point>
   </Placemark>
   <Placemark>
      <name> </name>
      <description>412.0 sec (00:07:52.000)
Lon/lat: -115.8783, 34.5793
Alt: 2.016 km
Vel: 0.001 km/s</description>
      <styleUrl>#sh_shaded_dot_0</styleUrl>
      <Point>
         <extrude>1</extrude>
         <altitudeMode>absolute</altitudeMode>
         <coordinates>
            -115.878276,34.579324,2015.611
         </coordinates>
      </Point>
   </Placemark>
   <Placemark>
      <name> </name>
      <description>414.0 sec (00:07:54.000)
Lon/lat: -115.8782, 34.5793
Alt: 2.025 km
Vel: 0.001 km/s</description>
      <styleUrl>#sh_shaded_dot_0</styleUrl>
      <Point>
         <extrude>1</extrude>
         <altitudeMode>absolute</altitudeMode>
         <coordinates>
            -115.878240,34.579299,2025.295
         </coordinates>
      </Point>
   </Placemark>
   <Placemark>
      <name> </name>
      <description>416.0 sec (00:07:56.000)
Lon/lat: -115.8782, 34.5793
Alt: 2.035 km
Vel: 0.001 km/s</description>
      <styleUrl>#sh_shaded_dot_0</styleUrl>
      <Point>
         <extrude>1</extrude>
         <altitudeMode>absolute</altitudeMode>
         <coordinates>
            -115.878214,34.579274,2034.940
         </coordinates>
      </Point>
   </Placemark>
   <Placemark>
      <name> </name>
      <description>418.0 sec (00:07:58.000)
Lon/lat: -115.8782, 34.5792
Alt: 2.043 km
Vel: 0.001 km/s</description>
      <styleUrl>#sh_shaded_dot_0</styleUrl>
      <Point>
         <extrude>1</extrude>
         <altitudeMode>absolute</altitudeMode>
         <coordinates>
            -115.878177,34.579220,2043.339
         </coordinates>
      </Point>
   </Placemark>
   <Placemark>
      <name> </name>
      <description>420.0 sec (00:07:0.000)
Lon/lat: -115.8782, 34.5792
Alt: 2.054 km
Vel: 0.001 km/s</description>
      <styleUrl>#sh_shaded_dot_0</styleUrl>
      <Point>
         <extrude>1</extrude>
         <altitudeMode>absolute</altitudeMode>
         <coordinates>
            -115.878198,34.579181,2054.392
         </coordinates>
      </Point>
   </Placemark>
   <Placemark>
      <name> </name>
      <description>422.0 sec (00:07:2.000)
Lon/lat: -115.8782, 34.5792
Alt: 2.064 km
Vel: 0.001 km/s</description>
      <styleUrl>#sh_shaded_dot_0</styleUrl>
      <Point>
         <extrude>1</extrude>
         <altitudeMode>absolute</altitudeMode>
         <coordinates>
            -115.878246,34.579160,2064.186
         </coordinates>
      </Point>
   </Placemark>
   <Placemark>
      <name> </name>
      <description>424.0 sec (00:07:4.000)
Lon/lat: -115.8783, 34.5791
Alt: 2.073 km
Vel: 0.001 km/s</description>
      <styleUrl>#sh_shaded_dot_0</styleUrl>
      <Point>
         <extrude>1</extrude>
         <altitudeMode>absolute</altitudeMode>
         <coordinates>
            -115.878291,34.579115,2072.723
         </coordinates>
      </Point>
   </Placemark>
   <Placemark>
      <name> </name>
      <description>426.0 sec (00:07:6.000)
Lon/lat: -115.8783, 34.5791
Alt: 2.083 km
Vel: 0.001 km/s</description>
      <styleUrl>#sh_shaded_dot_0</styleUrl>
      <Point>
         <extrude>1</extrude>
         <altitudeMode>absolute</altitudeMode>
         <coordinates>
            -115.878270,34.579078,2083.089
         </coordinates>
      </Point>
   </Placemark>
   <Placemark>
      <name> </name>
      <description>428.0 sec (00:07:8.000)
Lon/lat: -115.8782, 34.5790
Alt: 2.093 km
Vel: 0.001 km/s</description>
      <styleUrl>#sh_shaded_dot_0</styleUrl>
      <Point>
         <extrude>1</extrude>
         <altitudeMode>absolute</altitudeMode>
         <coordinates>
            -115.878215,34.579031,2092.748
         </coordinates>
      </Point>
   </Placemark>
   <Placemark>
      <name> </name>
      <description>430.0 sec (00:07:10.000)
Lon/lat: -115.8782, 34.5790
Alt: 2.102 km
Vel: 0.001 km/s</description>
      <styleUrl>#sh_shaded_dot_0</styleUrl>
      <Point>
         <extrude>1</extrude>
         <altitudeMode>absolute</altitudeMode>
         <coordinates>
            -115.878168,34.578983,2102.164
         </coordinates>
      </Point>
   </Placemark>
   <Placemark>
      <name> </name>
      <description>432.0 sec (00:07:12.000)
Lon/lat: -115.8782, 34.5789
Alt: 2.111 km
Vel: 0.001 km/s</description>
      <styleUrl>#sh_shaded_dot_0</styleUrl>
      <Point>
         <extrude>1</extrude>
         <altitudeMode>absolute</altitudeMode>
         <coordinates>
            -115.878151,34.578950,2110.523
         </coordinates>
      </Point>
   </Placemark>
   <Placemark>
      <name> </name>
      <description>434.0 sec (00:07:14.000)
Lon/lat: -115.8781, 34.5789
Alt: 2.121 km
Vel: 0.001 km/s</description>
      <styleUrl>#sh_shaded_dot_0</styleUrl>
      <Point>
         <extrude>1</extrude>
         <altitudeMode>absolute</altitudeMode>
         <coordinates>
            -115.878092,34.578912,2120.512
         </coordinates>
      </Point>
   </Placemark>
   <Placemark>
      <name> </name>
      <description>436.0 sec (00:07:16.000)
Lon/lat: -115.8781, 34.5789
Alt: 2.131 km
Vel: 0.001 km/s</description>
      <styleUrl>#sh_shaded_dot_0</styleUrl>
      <Point>
         <extrude>1</extrude>
         <altitudeMode>absolute</altitudeMode>
         <coordinates>
            -115.878085,34.578880,2130.568
         </coordinates>
      </Point>
   </Placemark>
   <Placemark>
      <name> </name>
      <description>438.0 sec (00:07:18.000)
Lon/lat: -115.8781, 34.5788
Alt: 2.140 km
Vel: 0.001 km/s</description>
      <styleUrl>#sh_shaded_dot_0</styleUrl>
      <Point>
         <extrude>1</extrude>
         <altitudeMode>absolute</altitudeMode>
         <coordinates>
            -115.878109,34.578827,2140.093
         </coordinates>
      </Point>
   </Placemark>
   <Placemark>
      <name> </name>
      <description>440.0 sec (00:07:20.000)
Lon/lat: -115.8781, 34.5788
Alt: 2.147 km
Vel: 0.001 km/s</description>
      <styleUrl>#sh_shaded_dot_0</styleUrl>
      <Point>
         <extrude>1</extrude>
         <altitudeMode>absolute</altitudeMode>
         <coordinates>
            -115.878096,34.578773,2147.469
         </coordinates>
      </Point>
   </Placemark>
   <Placemark>
      <name> </name>
      <description>442.0 sec (00:07:22.000)
Lon/lat: -115.8780, 34.5787
Alt: 2.157 km
Vel: 0.001 km/s</description>
      <styleUrl>#sh_shaded_dot_0</styleUrl>
      <Point>
         <extrude>1</extrude>
         <altitudeMode>absolute</altitudeMode>
         <coordinates>
            -115.878046,34.578738,2157.104
         </coordinates>
      </Point>
   </Placemark>
   <Placemark>
      <name> </name>
      <description>444.0 sec (00:07:24.000)
Lon/lat: -115.8780, 34.5787
Alt: 2.168 km
Vel: 0.001 km/s</description>
      <styleUrl>#sh_shaded_dot_0</styleUrl>
      <Point>
         <extrude>1</extrude>
         <altitudeMode>absolute</altitudeMode>
         <coordinates>
            -115.878019,34.578718,2168.037
         </coordinates>
      </Point>
   </Placemark>
   <Placemark>
      <name> </name>
      <description>446.0 sec (00:07:26.000)
Lon/lat: -115.8780, 34.5787
Alt: 2.175 km
Vel: 0.001 km/s</description>
      <styleUrl>#sh_shaded_dot_0</styleUrl>
      <Point>
         <extrude>1</extrude>
         <altitudeMode>absolute</altitudeMode>
         <coordinates>
            -115.877997,34.578706,2175.245
         </coordinates>
      </Point>
   </Placemark>
   <Placemark>
      <name> </name>
      <description>448.0 sec (00:07:28.000)
Lon/lat: -115.8779, 34.5787
Alt: 2.182 km
Vel: 0.001 km/s</description>
      <styleUrl>#sh_shaded_dot_0</styleUrl>
      <Point>
         <extrude>1</extrude>
         <altitudeMode>absolute</altitudeMode>
         <coordinates>
            -115.877920,34.578675,2182.104
         </coordinates>
      </Point>
   </Placemark>
   <Placemark>
      <name> </name>
      <description>450.0 sec (00:08:30.000)
Lon/lat: -115.8779, 34.5786
Alt: 2.187 km
Vel: 0.001 km/s</description>
      <styleUrl>#sh_shaded_dot_0</styleUrl>
      <Point>
         <extrude>1</extrude>
         <altitudeMode>absolute</altitudeMode>
         <coordinates>
            -115.877871,34.578645,2187.254
         </coordinates>
      </Point>
   </Placemark>
   <Placemark>
      <name> </name>
      <description>452.0 sec (00:08:32.000)
Lon/lat: -115.8778, 34.5786
Alt: 2.197 km
Vel: 0.001 km/s</description>
      <styleUrl>#sh_shaded_dot_0</styleUrl>
      <Point>
         <extrude>1</extrude>
         <altitudeMode>absolute</altitudeMode>
         <coordinates>
            -115.877815,34.578612,2197.102
         </coordinates>
      </Point>
   </Placemark>
   <Placemark>
      <name> </name>
      <description>454.0 sec (00:08:34.000)
Lon/lat: -115.8778, 34.5786
Alt: 2.206 km
Vel: 0.001 km/s</description>
      <styleUrl>#sh_shaded_dot_0</styleUrl>
      <Point>
         <extrude>1</extrude>
         <altitudeMode>absolute</altitudeMode>
         <coordinates>
            -115.877785,34.578576,2205.941
         </coordinates>
      </Point>
   </Placemark>
   <Placemark>
      <name> </name>
      <description>456.0 sec (00:08:36.000)
Lon/lat: -115.8778, 34.5786
Alt: 2.216 km
Vel: 0.001 km/s</description>
      <styleUrl>#sh_shaded_dot_0</styleUrl>
      <Point>
         <extrude>1</extrude>
         <altitudeMode>absolute</altitudeMode>
         <coordinates>
            -115.877790,34.578565,2215.770
         </coordinates>
      </Point>
   </Placemark>
   <Placemark>
      <name> </name>
      <description>458.0 sec (00:08:38.000)
Lon/lat: -115.8778, 34.5785
Alt: 2.227 km
Vel: 0.001 km/s</description>
      <styleUrl>#sh_shaded_dot_0</styleUrl>
      <Point>
         <extrude>1</extrude>
         <altitudeMode>absolute</altitudeMode>
         <coordinates>
            -115.877780,34.578533,2227.424
         </coordinates>
      </Point>
   </Placemark>
   <Placemark>
      <name> </name>
      <description>460.0 sec (00:08:40.000)
Lon/lat: -115.8777, 34.5785
Alt: 2.238 km
Vel: 0.001 km/s</description>
      <styleUrl>#sh_shaded_dot_0</styleUrl>
      <Point>
         <extrude>1</extrude>
         <altitudeMode>absolute</altitudeMode>
         <coordinates>
            -115.877733,34.578495,2237.511
         </coordinates>
      </Point>
   </Placemark>
   <Placemark>
      <name> </name>
      <description>462.0 sec (00:08:42.000)
Lon/lat: -115.8777, 34.5784
Alt: 2.247 km
Vel: 0.001 km/s</description>
      <styleUrl>#sh_shaded_dot_0</styleUrl>
      <Point>
         <extrude>1</extrude>
         <altitudeMode>absolute</altitudeMode>
         <coordinates>
            -115.877663,34.578446,2247.197
         </coordinates>
      </Point>
   </Placemark>
   <Placemark>
      <name> </name>
      <description>464.0 sec (00:08:44.000)
Lon/lat: -115.8776, 34.5784
Alt: 2.254 km
Vel: 0.001 km/s</description>
      <styleUrl>#sh_shaded_dot_0</styleUrl>
      <Point>
         <extrude>1</extrude>
         <altitudeMode>absolute</altitudeMode>
         <coordinates>
            -115.877586,34.578431,2254.342
         </coordinates>
      </Point>
   </Placemark>
   <Placemark>
      <name> </name>
      <description>466.0 sec (00:08:46.000)
Lon/lat: -115.8776, 34.5784
Alt: 2.262 km
Vel: 0.001 km/s</description>
      <styleUrl>#sh_shaded_dot_0</styleUrl>
      <Point>
         <extrude>1</extrude>
         <altitudeMode>absolute</altitudeMode>
         <coordinates>
            -115.877571,34.578413,2261.676
         </coordinates>
      </Point>
   </Placemark>
   <Placemark>
      <name> </name>
      <description>468.0 sec (00:08:48.000)
Lon/lat: -115.8775, 34.5784
Alt: 2.269 km
Vel: 0.001 km/s</description>
      <styleUrl>#sh_shaded_dot_0</styleUrl>
      <Point>
         <extrude>1</extrude>
         <altitudeMode>absolute</altitudeMode>
         <coordinates>
            -115.877525,34.578391,2269.404
         </coordinates>
      </Point>
   </Placemark>
   <Placemark>
      <name> </name>
      <description>470.0 sec (00:08:50.000)
Lon/lat: -115.8775, 34.5784
Alt: 2.276 km
Vel: 0.001 km/s</description>
      <styleUrl>#sh_shaded_dot_0</styleUrl>
      <Point>
         <extrude>1</extrude>
         <altitudeMode>absolute</altitudeMode>
         <coordinates>
            -115.877484,34.578373,2276.359
         </coordinates>
      </Point>
   </Placemark>
   <Placemark>
      <name> </name>
      <description>472.0 sec (00:08:52.000)
Lon/lat: -115.8774, 34.5783
Alt: 2.286 km
Vel: 0.001 km/s</description>
      <styleUrl>#sh_shaded_dot_0</styleUrl>
      <Point>
         <extrude>1</extrude>
         <altitudeMode>absolute</altitudeMode>
         <coordinates>
            -115.877437,34.578347,2286.372
         </coordinates>
      </Point>
   </Placemark>
   <Placemark>
      <name> </name>
      <description>474.0 sec (00:08:54.000)
Lon/lat: -115.8774, 34.5783
Alt: 2.294 km
Vel: 0.001 km/s</description>
      <styleUrl>#sh_shaded_dot_0</styleUrl>
      <Point>
         <extrude>1</extrude>
         <altitudeMode>absolute</altitudeMode>
         <coordinates>
            -115.877401,34.578311,2294.373
         </coordinates>
      </Point>
   </Placemark>
   <Placemark>
      <name> </name>
      <description>476.0 sec (00:08:56.000)
Lon/lat: -115.8773, 34.5783
Alt: 2.303 km
Vel: 0.001 km/s</description>
      <styleUrl>#sh_shaded_dot_0</styleUrl>
      <Point>
         <extrude>1</extrude>
         <altitudeMode>absolute</altitudeMode>
         <coordinates>
            -115.877320,34.578283,2303.064
         </coordinates>
      </Point>
   </Placemark>
   <Placemark>
      <name> </name>
      <description>478.0 sec (00:08:58.000)
Lon/lat: -115.8773, 34.5783
Alt: 2.310 km
Vel: 0.001 km/s</description>
      <styleUrl>#sh_shaded_dot_0</styleUrl>
      <Point>
         <extrude>1</extrude>
         <altitudeMode>absolute</altitudeMode>
         <coordinates>
            -115.877253,34.578262,2310.162
         </coordinates>
      </Point>
   </Placemark>
   <Placemark>
      <name> </name>
      <description>480.0 sec (00:08:0.000)
Lon/lat: -115.8772, 34.5782
Alt: 2.320 km
Vel: 0.001 km/s</description>
      <styleUrl>#sh_shaded_dot_0</styleUrl>
      <Point>
         <extrude>1</extrude>
         <altitudeMode>absolute</altitudeMode>
         <coordinates>
            -115.877193,34.578238,2319.535
         </coordinates>
      </Point>
   </Placemark>
   <Placemark>
      <name> </name>
      <description>482.0 sec (00:08:2.000)
Lon/lat: -115.8771, 34.5782
Alt: 2.327 km
Vel: 0.001 km/s</description>
      <styleUrl>#sh_shaded_dot_0</styleUrl>
      <Point>
         <extrude>1</extrude>
         <altitudeMode>absolute</altitudeMode>
         <coordinates>
            -115.877122,34.578227,2327.314
         </coordinates>
      </Point>
   </Placemark>
   <Placemark>
      <name> </name>
      <description>484.0 sec (00:08:4.000)
Lon/lat: -115.8771, 34.5782
Alt: 2.337 km
Vel: 0.001 km/s</description>
      <styleUrl>#sh_shaded_dot_0</styleUrl>
      <Point>
         <extrude>1</extrude>
         <altitudeMode>absolute</altitudeMode>
         <coordinates>
            -115.877098,34.578203,2336.809
         </coordinates>
      </Point>
   </Placemark>
   <Placemark>
      <name> </name>
      <description>486.0 sec (00:08:6.000)
Lon/lat: -115.8770, 34.5782
Alt: 2.343 km
Vel: 0.001 km/s</description>
      <styleUrl>#sh_shaded_dot_0</styleUrl>
      <Point>
         <extrude>1</extrude>
         <altitudeMode>absolute</altitudeMode>
         <coordinates>
            -115.877044,34.578168,2343.044
         </coordinates>
      </Point>
   </Placemark>
   <Placemark>
      <name> </name>
      <description>488.0 sec (00:08:8.000)
Lon/lat: -115.8770, 34.5782
Alt: 2.352 km
Vel: 0.001 km/s</description>
      <styleUrl>#sh_shaded_dot_0</styleUrl>
      <Point>
         <extrude>1</extrude>
         <altitudeMode>absolute</altitudeMode>
         <coordinates>
            -115.876980,34.578165,2351.662
         </coordinates>
      </Point>
   </Placemark>
   <Placemark>
      <name> </name>
      <description>490.0 sec (00:08:10.000)
Lon/lat: -115.8769, 34.5782
Alt: 2.359 km
Vel: 0.001 km/s</description>
      <styleUrl>#sh_shaded_dot_0</styleUrl>
      <Point>
         <extrude>1</extrude>
         <altitudeMode>absolute</altitudeMode>
         <coordinates>
            -115.876880,34.578155,2358.917
         </coordinates>
      </Point>
   </Placemark>
   <Placemark>
      <name> </name>
      <description>492.0 sec (00:08:12.000)
Lon/lat: -115.8768, 34.5782
Alt: 2.366 km
Vel: 0.001 km/s</description>
      <styleUrl>#sh_shaded_dot_0</styleUrl>
      <Point>
         <extrude>1</extrude>
         <altitudeMode>absolute</altitudeMode>
         <coordinates>
            -115.876777,34.578152,2366.425
         </coordinates>
      </Point>
   </Placemark>
   <Placemark>
      <name> </name>
      <description>494.0 sec (00:08:14.000)
Lon/lat: -115.8767, 34.5782
Alt: 2.375 km
Vel: 0.001 km/s</description>
      <styleUrl>#sh_shaded_dot_0</styleUrl>
      <Point>
         <extrude>1</extrude>
         <altitudeMode>absolute</altitudeMode>
         <coordinates>
            -115.876682,34.578169,2374.599
         </coordinates>
      </Point>
   </Placemark>
   <Placemark>
      <name> </name>
      <description>496.0 sec (00:08:16.000)
Lon/lat: -115.8766, 34.5782
Alt: 2.382 km
Vel: 0.001 km/s</description>
      <styleUrl>#sh_shaded_dot_0</styleUrl>
      <Point>
         <extrude>1</extrude>
         <altitudeMode>absolute</altitudeMode>
         <coordinates>
            -115.876576,34.578167,2381.867
         </coordinates>
      </Point>
   </Placemark>
   <Placemark>
      <name> </name>
      <description>498.0 sec (00:08:18.000)
Lon/lat: -115.8765, 34.5782
Alt: 2.389 km
Vel: 0.001 km/s</description>
      <styleUrl>#sh_shaded_dot_0</styleUrl>
      <Point>
         <extrude>1</extrude>
         <altitudeMode>absolute</altitudeMode>
         <coordinates>
            -115.876482,34.578163,2388.724
         </coordinates>
      </Point>
   </Placemark>
   <Placemark>
      <name> </name>
      <description>500.0 sec (00:08:20.000)
Lon/lat: -115.8764, 34.5781
Alt: 2.398 km
Vel: 0.001 km/s</description>
      <styleUrl>#sh_shaded_dot_0</styleUrl>
      <Point>
         <extrude>1</extrude>
         <altitudeMode>absolute</altitudeMode>
         <coordinates>
            -115.876408,34.578149,2397.915
         </coordinates>
      </Point>
   </Placemark>
   <Placemark>
      <name> </name>
      <description>502.0 sec (00:08:22.000)
Lon/lat: -115.8763, 34.5781
Alt: 2.405 km
Vel: 0.001 km/s</description>
      <styleUrl>#sh_shaded_dot_0</styleUrl>
      <Point>
         <extrude>1</extrude>
         <altitudeMode>absolute</altitudeMode>
         <coordinates>
            -115.876308,34.578126,2404.675
         </coordinates>
      </Point>
   </Placemark>
   <Placemark>
      <name> </name>
      <description>504.0 sec (00:08:24.000)
Lon/lat: -115.8762, 34.5781
Alt: 2.411 km
Vel: 0.001 km/s</description>
      <styleUrl>#sh_shaded_dot_0</styleUrl>
      <Point>
         <extrude>1</extrude>
         <altitudeMode>absolute</altitudeMode>
         <coordinates>
            -115.876247,34.578112,2411.462
         </coordinates>
      </Point>
   </Placemark>
   <Placemark>
      <name> </name>
      <description>506.0 sec (00:08:26.000)
Lon/lat: -115.8762, 34.5781
Alt: 2.416 km
Vel: 0.001 km/s</description>
      <styleUrl>#sh_shaded_dot_0</styleUrl>
      <Point>
         <extrude>1</extrude>
         <altitudeMode>absolute</altitudeMode>
         <coordinates>
            -115.876161,34.578089,2416.328
         </coordinates>
      </Point>
   </Placemark>
   <Placemark>
      <name> </name>
      <description>508.0 sec (00:08:28.000)
Lon/lat: -115.8761, 34.5781
Alt: 2.422 km
Vel: 0.001 km/s</description>
      <styleUrl>#sh_shaded_dot_0</styleUrl>
      <Point>
         <extrude>1</extrude>
         <altitudeMode>absolute</altitudeMode>
         <coordinates>
            -115.876071,34.578083,2422.438
         </coordinates>
      </Point>
   </Placemark>
   <Placemark>
      <name> </name>
      <description>510.0 sec (00:08:30.000)
Lon/lat: -115.8760, 34.5781
Alt: 2.428 km
Vel: 0.001 km/s</description>
      <styleUrl>#sh_shaded_dot_0</styleUrl>
      <Point>
         <extrude>1</extrude>
         <altitudeMode>absolute</altitudeMode>
         <coordinates>
            -115.875998,34.578060,2428.115
         </coordinates>
      </Point>
   </Placemark>
   <Placemark>
      <name> </name>
      <description>512.0 sec (00:09:32.000)
Lon/lat: -115.8759, 34.5780
Alt: 2.434 km
Vel: 0.001 km/s</description>
      <styleUrl>#sh_shaded_dot_0</styleUrl>
      <Point>
         <extrude>1</extrude>
         <altitudeMode>absolute</altitudeMode>
         <coordinates>
            -115.875909,34.578050,2434.074
         </coordinates>
      </Point>
   </Placemark>
   <Placemark>
      <name> </name>
      <description>514.0 sec (00:09:34.000)
Lon/lat: -115.8758, 34.5780
Alt: 2.441 km
Vel: 0.001 km/s</description>
      <styleUrl>#sh_shaded_dot_0</styleUrl>
      <Point>
         <extrude>1</extrude>
         <altitudeMode>absolute</altitudeMode>
         <coordinates>
            -115.875802,34.578032,2440.684
         </coordinates>
      </Point>
   </Placemark>
   <Placemark>
      <name> </name>
      <description>516.0 sec (00:09:36.000)
Lon/lat: -115.8757, 34.5780
Alt: 2.446 km
Vel: 0.001 km/s</description>
      <styleUrl>#sh_shaded_dot_0</styleUrl>
      <Point>
         <extrude>1</extrude>
         <altitudeMode>absolute</altitudeMode>
         <coordinates>
            -115.875694,34.578022,2446.009
         </coordinates>
      </Point>
   </Placemark>
   <Placemark>
      <name> </name>
      <description>518.0 sec (00:09:38.000)
Lon/lat: -115.8756, 34.5780
Alt: 2.452 km
Vel: 0.001 km/s</description>
      <styleUrl>#sh_shaded_dot_0</styleUrl>
      <Point>
         <extrude>1</extrude>
         <altitudeMode>absolute</altitudeMode>
         <coordinates>
            -115.875626,34.578014,2451.586
         </coordinates>
      </Point>
   </Placemark>
   <Placemark>
      <name> </name>
      <description>520.0 sec (00:09:40.000)
Lon/lat: -115.8755, 34.5780
Alt: 2.458 km
Vel: 0.001 km/s</description>
      <styleUrl>#sh_shaded_dot_0</styleUrl>
      <Point>
         <extrude>1</extrude>
         <altitudeMode>absolute</altitudeMode>
         <coordinates>
            -115.875541,34.578000,2457.813
         </coordinates>
      </Point>
   </Placemark>
   <Placemark>
      <name> </name>
      <description>522.0 sec (00:09:42.000)
Lon/lat: -115.8755, 34.5780
Alt: 2.465 km
Vel: 0.001 km/s</description>
      <styleUrl>#sh_shaded_dot_0</styleUrl>
      <Point>
         <extrude>1</extrude>
         <altitudeMode>absolute</altitudeMode>
         <coordinates>
            -115.875451,34.577988,2464.704
         </coordinates>
      </Point>
   </Placemark>
   <Placemark>
      <name> </name>
      <description>524.0 sec (00:09:44.000)
Lon/lat: -115.8753, 34.5780
Alt: 2.472 km
Vel: 0.001 km/s</description>
      <styleUrl>#sh_shaded_dot_0</styleUrl>
      <Point>
         <extrude>1</extrude>
         <altitudeMode>absolute</altitudeMode>
         <coordinates>
            -115.875345,34.577975,2472.074
         </coordinates>
      </Point>
   </Placemark>
   <Placemark>
      <name> </name>
      <description>526.0 sec (00:09:46.000)
Lon/lat: -115.8753, 34.5780
Alt: 2.478 km
Vel: 0.001 km/s</description>
      <styleUrl>#sh_shaded_dot_0</styleUrl>
      <Point>
         <extrude>1</extrude>
         <altitudeMode>absolute</altitudeMode>
         <coordinates>
            -115.875254,34.577961,2478.170
         </coordinates>
      </Point>
   </Placemark>
   <Placemark>
      <name> </name>
      <description>528.0 sec (00:09:48.000)
Lon/lat: -115.8751, 34.5780
Alt: 2.484 km
Vel: 0.001 km/s</description>
      <styleUrl>#sh_shaded_dot_0</styleUrl>
      <Point>
         <extrude>1</extrude>
         <altitudeMode>absolute</altitudeMode>
         <coordinates>
            -115.875144,34.577953,2483.934
         </coordinates>
      </Point>
   </Placemark>
   <Placemark>
      <name> </name>
      <description>530.0 sec (00:09:50.000)
Lon/lat: -115.8751, 34.5779
Alt: 2.489 km
Vel: 0.001 km/s</description>
      <styleUrl>#sh_shaded_dot_0</styleUrl>
      <Point>
         <extrude>1</extrude>
         <altitudeMode>absolute</altitudeMode>
         <coordinates>
            -115.875072,34.577941,2489.418
         </coordinates>
      </Point>
   </Placemark>
   <Placemark>
      <name> </name>
      <description>532.0 sec (00:09:52.000)
Lon/lat: -115.8750, 34.5779
Alt: 2.495 km
Vel: 0.001 km/s</description>
      <styleUrl>#sh_shaded_dot_0</styleUrl>
      <Point>
         <extrude>1</extrude>
         <altitudeMode>absolute</altitudeMode>
         <coordinates>
            -115.874971,34.577934,2495.060
         </coordinates>
      </Point>
   </Placemark>
   <Placemark>
      <name> </name>
      <description>534.0 sec (00:09:54.000)
Lon/lat: -115.8749, 34.5779
Alt: 2.501 km
Vel: 0.001 km/s</description>
      <styleUrl>#sh_shaded_dot_0</styleUrl>
      <Point>
         <extrude>1</extrude>
         <altitudeMode>absolute</altitudeMode>
         <coordinates>
            -115.874891,34.577923,2500.585
         </coordinates>
      </Point>
   </Placemark>
   <Placemark>
      <name> </name>
      <description>536.0 sec (00:09:56.000)
Lon/lat: -115.8748, 34.5779
Alt: 2.507 km
Vel: 0.001 km/s</description>
      <styleUrl>#sh_shaded_dot_0</styleUrl>
      <Point>
         <extrude>1</extrude>
         <altitudeMode>absolute</altitudeMode>
         <coordinates>
            -115.874800,34.577911,2507.188
         </coordinates>
      </Point>
   </Placemark>
   <Placemark>
      <name> </name>
      <description>538.0 sec (00:09:58.000)
Lon/lat: -115.8747, 34.5779
Alt: 2.512 km
Vel: 0.001 km/s</description>
      <styleUrl>#sh_shaded_dot_0</styleUrl>
      <Point>
         <extrude>1</extrude>
         <altitudeMode>absolute</altitudeMode>
         <coordinates>
            -115.874734,34.577906,2512.006
         </coordinates>
      </Point>
   </Placemark>
   <Placemark>
      <name> </name>
      <description>540.0 sec (00:09:0.000)
Lon/lat: -115.8746, 34.5779
Alt: 2.520 km
Vel: 0.001 km/s</description>
      <styleUrl>#sh_shaded_dot_0</styleUrl>
      <Point>
         <extrude>1</extrude>
         <altitudeMode>absolute</altitudeMode>
         <coordinates>
            -115.874646,34.577893,2519.587
         </coordinates>
      </Point>
   </Placemark>
   <Placemark>
      <name> </name>
      <description>542.0 sec (00:09:2.000)
Lon/lat: -115.8746, 34.5779
Alt: 2.526 km
Vel: 0.001 km/s</description>
      <styleUrl>#sh_shaded_dot_0</styleUrl>
      <Point>
         <extrude>1</extrude>
         <altitudeMode>absolute</altitudeMode>
         <coordinates>
            -115.874558,34.577880,2526.406
         </coordinates>
      </Point>
   </Placemark>
   <Placemark>
      <name> </name>
      <description>544.0 sec (00:09:4.000)
Lon/lat: -115.8745, 34.5779
Alt: 2.531 km
Vel: 0.001 km/s</description>
      <styleUrl>#sh_shaded_dot_0</styleUrl>
      <Point>
         <extrude>1</extrude>
         <altitudeMode>absolute</altitudeMode>
         <coordinates>
            -115.874494,34.577860,2530.753
         </coordinates>
      </Point>
   </Placemark>
   <Placemark>
      <name> </name>
      <description>546.0 sec (00:09:6.000)
Lon/lat: -115.8744, 34.5778
Alt: 2.537 km
Vel: 0.001 km/s</description>
      <styleUrl>#sh_shaded_dot_0</styleUrl>
      <Point>
         <extrude>1</extrude>
         <altitudeMode>absolute</altitudeMode>
         <coordinates>
            -115.874416,34.577848,2536.871
         </coordinates>
      </Point>
   </Placemark>
   <Placemark>
      <name> </name>
      <description>548.0 sec (00:09:8.000)
Lon/lat: -115.8743, 34.5778
Alt: 2.543 km
Vel: 0.001 km/s</description>
      <styleUrl>#sh_shaded_dot_0</styleUrl>
      <Point>
         <extrude>1</extrude>
         <altitudeMode>absolute</altitudeMode>
         <coordinates>
            -115.874309,34.577824,2543.003
         </coordinates>
      </Point>
   </Placemark>
   <Placemark>
      <name> </name>
      <description>550.0 sec (00:09:10.000)
Lon/lat: -115.8742, 34.5778
Alt: 2.548 km
Vel: 0.001 km/s</description>
      <styleUrl>#sh_shaded_dot_0</styleUrl>
      <Point>
         <extrude>1</extrude>
         <altitudeMode>absolute</altitudeMode>
         <coordinates>
            -115.874227,34.577817,2548.143
         </coordinates>
      </Point>
   </Placemark>
   <Placemark>
      <name> </name>
      <description>552.0 sec (00:09:12.000)
Lon/lat: -115.8741, 34.5778
Alt: 2.554 km
Vel: 0.001 km/s</description>
      <styleUrl>#sh_shaded_dot_0</styleUrl>
      <Point>
         <extrude>1</extrude>
         <altitudeMode>absolute</altitudeMode>
         <coordinates>
            -115.874113,34.577804,2554.497
         </coordinates>
      </Point>
   </Placemark>
   <Placemark>
      <name> </name>
      <description>554.0 sec (00:09:14.000)
Lon/lat: -115.8740, 34.5778
Alt: 2.560 km
Vel: 0.001 km/s</description>
      <styleUrl>#sh_shaded_dot_0</styleUrl>
      <Point>
         <extrude>1</extrude>
         <altitudeMode>absolute</altitudeMode>
         <coordinates>
            -115.874037,34.577794,2559.967
         </coordinates>
      </Point>
   </Placemark>
   <Placemark>
      <name> </name>
      <description>556.0 sec (00:09:16.000)
Lon/lat: -115.8740, 34.5778
Alt: 2.567 km
Vel: 0.001 km/s</description>
      <styleUrl>#sh_shaded_dot_0</styleUrl>
      <Point>
         <extrude>1</extrude>
         <altitudeMode>absolute</altitudeMode>
         <coordinates>
            -115.873960,34.577789,2566.705
         </coordinates>
      </Point>
   </Placemark>
   <Placemark>
      <name> </name>
      <description>558.0 sec (00:09:18.000)
Lon/lat: -115.8739, 34.5778
Alt: 2.574 km
Vel: 0.001 km/s</description>
      <styleUrl>#sh_shaded_dot_0</styleUrl>
      <Point>
         <extrude>1</extrude>
         <altitudeMode>absolute</altitudeMode>
         <coordinates>
            -115.873852,34.577774,2574.416
         </coordinates>
      </Point>
   </Placemark>
   <Placemark>
      <name> </name>
      <description>560.0 sec (00:09:20.000)
Lon/lat: -115.8738, 34.5778
Alt: 2.582 km
Vel: 0.001 km/s</description>
      <styleUrl>#sh_shaded_dot_0</styleUrl>
      <Point>
         <extrude>1</extrude>
         <altitudeMode>absolute</altitudeMode>
         <coordinates>
            -115.873765,34.577782,2582.010
         </coordinates>
      </Point>
   </Placemark>
   <Placemark>
      <name> </name>
      <description>562.0 sec (00:09:22.000)
Lon/lat: -115.8737, 34.5778
Alt: 2.591 km
Vel: 0.001 km/s</description>
      <styleUrl>#sh_shaded_dot_0</styleUrl>
      <Point>
         <extrude>1</extrude>
         <altitudeMode>absolute</altitudeMode>
         <coordinates>
            -115.873654,34.577795,2590.866
         </coordinates>
      </Point>
   </Placemark>
   <Placemark>
      <name> </name>
      <description>564.0 sec (00:09:24.000)
Lon/lat: -115.8735, 34.5778
Alt: 2.597 km
Vel: 0.001 km/s</description>
      <styleUrl>#sh_shaded_dot_0</styleUrl>
      <Point>
         <extrude>1</extrude>
         <altitudeMode>absolute</altitudeMode>
         <coordinates>
            -115.873502,34.577793,2597.164
         </coordinates>
      </Point>
   </Placemark>
   <Placemark>
      <name> </name>
      <description>566.0 sec (00:09:26.000)
Lon/lat: -115.8734, 34.5778
Alt: 2.604 km
Vel: 0.001 km/s</description>
      <styleUrl>#sh_shaded_dot_0</styleUrl>
      <Point>
         <extrude>1</extrude>
         <altitudeMode>absolute</altitudeMode>
         <coordinates>
            -115.873352,34.577782,2604.367
         </coordinates>
      </Point>
   </Placemark>
   <Placemark>
      <name> </name>
      <description>568.0 sec (00:09:28.000)
Lon/lat: -115.8732, 34.5778
Alt: 2.612 km
Vel: 0.001 km/s</description>
      <styleUrl>#sh_shaded_dot_0</styleUrl>
      <Point>
         <extrude>1</extrude>
         <altitudeMode>absolute</altitudeMode>
         <coordinates>
            -115.873224,34.577763,2612.381
         </coordinates>
      </Point>
   </Placemark>
   <Placemark>
      <name> </name>
      <description>570.0 sec (00:10:30.000)
Lon/lat: -115.8731, 34.5778
Alt: 2.620 km
Vel: 0.001 km/s</description>
      <styleUrl>#sh_shaded_dot_0</styleUrl>
      <Point>
         <extrude>1</extrude>
         <altitudeMode>absolute</altitudeMode>
         <coordinates>
            -115.873104,34.577750,2620.004
         </coordinates>
      </Point>
   </Placemark>
   <Placemark>
      <name> </name>
      <description>572.0 sec (00:10:32.000)
Lon/lat: -115.8730, 34.5778
Alt: 2.629 km
Vel: 0.001 km/s</description>
      <styleUrl>#sh_shaded_dot_0</styleUrl>
      <Point>
         <extrude>1</extrude>
         <altitudeMode>absolute</altitudeMode>
         <coordinates>
            -115.872962,34.577762,2629.485
         </coordinates>
      </Point>
   </Placemark>
   <Placemark>
      <name> </name>
      <description>574.0 sec (00:10:34.000)
Lon/lat: -115.8729, 34.5778
Alt: 2.638 km
Vel: 0.001 km/s</description>
      <styleUrl>#sh_shaded_dot_0</styleUrl>
      <Point>
         <extrude>1</extrude>
         <altitudeMode>absolute</altitudeMode>
         <coordinates>
            -115.872861,34.577784,2637.503
         </coordinates>
      </Point>
   </Placemark>
   <Placemark>
      <name> </name>
      <description>576.0 sec (00:10:36.000)
Lon/lat: -115.8728, 34.5778
Alt: 2.647 km
Vel: 0.001 km/s</description>
      <styleUrl>#sh_shaded_dot_0</styleUrl>
      <Point>
         <extrude>1</extrude>
         <altitudeMode>absolute</altitudeMode>
         <coordinates>
            -115.872801,34.577801,2646.795
         </coordinates>
      </Point>
   </Placemark>
   <Placemark>
      <name> </name>
      <description>578.0 sec (00:10:38.000)
Lon/lat: -115.8728, 34.5778
Alt: 2.656 km
Vel: 0.001 km/s</description>
      <styleUrl>#sh_shaded_dot_0</styleUrl>
      <Point>
         <extrude>1</extrude>
         <altitudeMode>absolute</altitudeMode>
         <coordinates>
            -115.872777,34.577802,2655.559
         </coordinates>
      </Point>
   </Placemark>
   <Placemark>
      <name> </name>
      <description>580.0 sec (00:10:40.000)
Lon/lat: -115.8727, 34.5778
Alt: 2.666 km
Vel: 0.001 km/s</description>
      <styleUrl>#sh_shaded_dot_0</styleUrl>
      <Point>
         <extrude>1</extrude>
         <altitudeMode>absolute</altitudeMode>
         <coordinates>
            -115.872721,34.577797,2665.771
         </coordinates>
      </Point>
   </Placemark>
   <Placemark>
      <name> </name>
      <description>582.0 sec (00:10:42.000)
Lon/lat: -115.8726, 34.5778
Alt: 2.675 km
Vel: 0.001 km/s</description>
      <styleUrl>#sh_shaded_dot_0</styleUrl>
      <Point>
         <extrude>1</extrude>
         <altitudeMode>absolute</altitudeMode>
         <coordinates>
            -115.872579,34.577797,2674.772
         </coordinates>
      </Point>
   </Placemark>
   <Placemark>
      <name> </name>
      <description>584.0 sec (00:10:44.000)
Lon/lat: -115.8725, 34.5778
Alt: 2.684 km
Vel: 0.001 km/s</description>
      <styleUrl>#sh_shaded_dot_0</styleUrl>
      <Point>
         <extrude>1</extrude>
         <altitudeMode>absolute</altitudeMode>
         <coordinates>
            -115.872454,34.577826,2684.369
         </coordinates>
      </Point>
   </Placemark>
   <Placemark>
      <name> </name>
      <description>586.0 sec (00:10:46.000)
Lon/lat: -115.8723, 34.5779
Alt: 2.691 km
Vel: 0.001 km/s</description>
      <styleUrl>#sh_shaded_dot_0</styleUrl>
      <Point>
         <extrude>1</extrude>
         <altitudeMode>absolute</altitudeMode>
         <coordinates>
            -115.872343,34.577857,2690.855
         </coordinates>
      </Point>
   </Placemark>
   <Placemark>
      <name> </name>
      <description>588.0 sec (00:10:48.000)
Lon/lat: -115.8722, 34.5779
Alt: 2.702 km
Vel: 0.001 km/s</description>
      <styleUrl>#sh_shaded_dot_0</styleUrl>
      <Point>
         <extrude>1</extrude>
         <altitudeMode>absolute</altitudeMode>
         <coordinates>
            -115.872209,34.577890,2702.078
         </coordinates>
      </Point>
   </Placemark>
   <Placemark>
      <name> </name>
      <description>590.0 sec (00:10:50.000)
Lon/lat: -115.8721, 34.5779
Alt: 2.714 km
Vel: 0.001 km/s</description>
      <styleUrl>#sh_shaded_dot_0</styleUrl>
      <Point>
         <extrude>1</extrude>
         <altitudeMode>absolute</altitudeMode>
         <coordinates>
            -115.872095,34.577892,2713.719
         </coordinates>
      </Point>
   </Placemark>
   <Placemark>
      <name> </name>
      <description>592.0 sec (00:10:52.000)
Lon/lat: -115.8720, 34.5779
Alt: 2.724 km
Vel: 0.001 km/s</description>
      <styleUrl>#sh_shaded_dot_0</styleUrl>
      <Point>
         <extrude>1</extrude>
         <altitudeMode>absolute</altitudeMode>
         <coordinates>
            -115.871993,34.577891,2724.428
         </coordinates>
      </Point>
   </Placemark>
   <Placemark>
      <name> </name>
      <description>594.0 sec (00:10:54.000)
Lon/lat: -115.8718, 34.5779
Alt: 2.735 km
Vel: 0.001 km/s</description>
      <styleUrl>#sh_shaded_dot_0</styleUrl>
      <Point>
         <extrude>1</extrude>
         <altitudeMode>absolute</altitudeMode>
         <coordinates>
            -115.871825,34.577908,2734.554
         </coordinates>
      </Point>
   </Placemark>
   <Placemark>
      <name> </name>
      <description>596.0 sec (00:10:56.000)
Lon/lat: -115.8717, 34.5779
Alt: 2.740 km
Vel: 0.001 km/s</description>
      <styleUrl>#sh_shaded_dot_0</styleUrl>
      <Point>
         <extrude>1</extrude>
         <altitudeMode>absolute</altitudeMode>
         <coordinates>
            -115.871663,34.577944,2739.691
         </coordinates>
      </Point>
   </Placemark>
   <Placemark>
      <name> </name>
      <description>598.0 sec (00:10:58.000)
Lon/lat: -115.8715, 34.5780
Alt: 2.745 km
Vel: 0.001 km/s</description>
      <styleUrl>#sh_shaded_dot_0</styleUrl>
      <Point>
         <extrude>1</extrude>
         <altitudeMode>absolute</altitudeMode>
         <coordinates>
            -115.871497,34.577982,2745.288
         </coordinates>
      </Point>
   </Placemark>
   <Placemark>
      <name> </name>
      <description>600.0 sec (00:10:0.000)
Lon/lat: -115.8713, 34.5780
Alt: 2.751 km
Vel: 0.001 km/s</description>
      <styleUrl>#sh_shaded_dot_0</styleUrl>
      <Point>
         <extrude>1</extrude>
         <altitudeMode>absolute</altitudeMode>
         <coordinates>
            -115.871344,34.578012,2750.891
         </coordinates>
      </Point>
   </Placemark>
   <Placemark>
      <name> </name>
      <description>602.0 sec (00:10:2.000)
Lon/lat: -115.8712, 34.5780
Alt: 2.760 km
Vel: 0.001 km/s</description>
      <styleUrl>#sh_shaded_dot_0</styleUrl>
      <Point>
         <extrude>1</extrude>
         <altitudeMode>absolute</altitudeMode>
         <coordinates>
            -115.871175,34.578044,2759.562
         </coordinates>
      </Point>
   </Placemark>
   <Placemark>
      <name> </name>
      <description>604.0 sec (00:10:4.000)
Lon/lat: -115.8710, 34.5781
Alt: 2.767 km
Vel: 0.001 km/s</description>
      <styleUrl>#sh_shaded_dot_0</styleUrl>
      <Point>
         <extrude>1</extrude>
         <altitudeMode>absolute</altitudeMode>
         <coordinates>
            -115.871026,34.578088,2766.966
         </coordinates>
      </Point>
   </Placemark>
   <Placemark>
      <name> </name>
      <description>606.0 sec (00:10:6.000)
Lon/lat: -115.8709, 34.5781
Alt: 2.775 km
Vel: 0.001 km/s</description>
      <styleUrl>#sh_shaded_dot_0</styleUrl>
      <Point>
         <extrude>1</extrude>
         <altitudeMode>absolute</altitudeMode>
         <coordinates>
            -115.870906,34.578138,2775.397
         </coordinates>
      </Point>
   </Placemark>
   <Placemark>
      <name> </name>
      <description>608.0 sec (00:10:8.000)
Lon/lat: -115.8708, 34.5782
Alt: 2.782 km
Vel: 0.001 km/s</description>
      <styleUrl>#sh_shaded_dot_0</styleUrl>
      <Point>
         <extrude>1</extrude>
         <altitudeMode>absolute</altitudeMode>
         <coordinates>
            -115.870827,34.578181,2781.864
         </coordinates>
      </Point>
   </Placemark>
   <Placemark>
      <name> </name>
      <description>610.0 sec (00:10:10.000)
Lon/lat: -115.8708, 34.5782
Alt: 2.788 km
Vel: 0.001 km/s</description>
      <styleUrl>#sh_shaded_dot_0</styleUrl>
      <Point>
         <extrude>1</extrude>
         <altitudeMode>absolute</altitudeMode>
         <coordinates>
            -115.870756,34.578229,2788.238
         </coordinates>
      </Point>
   </Placemark>
   <Placemark>
      <name> </name>
      <description>612.0 sec (00:10:12.000)
Lon/lat: -115.8707, 34.5783
Alt: 2.793 km
Vel: 0.001 km/s</description>
      <styleUrl>#sh_shaded_dot_0</styleUrl>
      <Point>
         <extrude>1</extrude>
         <altitudeMode>absolute</altitudeMode>
         <coordinates>
            -115.870665,34.578264,2792.681
         </coordinates>
      </Point>
   </Placemark>
   <Placemark>
      <name> </name>
      <description>614.0 sec (00:10:14.000)
Lon/lat: -115.8705, 34.5783
Alt: 2.799 km
Vel: 0.001 km/s</description>
      <styleUrl>#sh_shaded_dot_0</styleUrl>
      <Point>
         <extrude>1</extrude>
         <altitudeMode>absolute</altitudeMode>
         <coordinates>
            -115.870527,34.578288,2799.096
         </coordinates>
      </Point>
   </Placemark>
   <Placemark>
      <name> </name>
      <description>616.0 sec (00:10:16.000)
Lon/lat: -115.8704, 34.5783
Alt: 2.805 km
Vel: 0.001 km/s</description>
      <styleUrl>#sh_shaded_dot_0</styleUrl>
      <Point>
         <extrude>1</extrude>
         <altitudeMode>absolute</altitudeMode>
         <coordinates>
            -115.870379,34.578307,2804.542
         </coordinates>
      </Point>
   </Placemark>
   <Placemark>
      <name> </name>
      <description>618.0 sec (00:10:18.000)
Lon/lat: -115.8703, 34.5783
Alt: 2.810 km
Vel: 0.001 km/s</description>
      <styleUrl>#sh_shaded_dot_0</styleUrl>
      <Point>
         <extrude>1</extrude>
         <altitudeMode>absolute</altitudeMode>
         <coordinates>
            -115.870265,34.578332,2809.965
         </coordinates>
      </Point>
   </Placemark>
   <Placemark>
      <name> </name>
      <description>620.0 sec (00:10:20.000)
Lon/lat: -115.8702, 34.5784
Alt: 2.817 km
Vel: 0.001 km/s</description>
      <styleUrl>#sh_shaded_dot_0</styleUrl>
      <Point>
         <extrude>1</extrude>
         <altitudeMode>absolute</altitudeMode>
         <coordinates>
            -115.870155,34.578363,2817.136
         </coordinates>
      </Point>
   </Placemark>
   <Placemark>
      <name> </name>
      <description>622.0 sec (00:10:22.000)
Lon/lat: -115.8700, 34.5784
Alt: 2.821 km
Vel: 0.001 km/s</description>
      <styleUrl>#sh_shaded_dot_0</styleUrl>
      <Point>
         <extrude>1</extrude>
         <altitudeMode>absolute</altitudeMode>
         <coordinates>
            -115.870003,34.578396,2821.383
         </coordinates>
      </Point>
   </Placemark>
   <Placemark>
      <name> </name>
      <description>624.0 sec (00:10:24.000)
Lon/lat: -115.8699, 34.5784
Alt: 2.828 km
Vel: 0.001 km/s</description>
      <styleUrl>#sh_shaded_dot_0</styleUrl>
      <Point>
         <extrude>1</extrude>
         <altitudeMode>absolute</altitudeMode>
         <coordinates>
            -115.869859,34.578431,2827.819
         </coordinates>
      </Point>
   </Placemark>
   <Placemark>
      <name> </name>
      <description>626.0 sec (00:10:26.000)
Lon/lat: -115.8697, 34.5785
Alt: 2.834 km
Vel: 0.001 km/s</description>
      <styleUrl>#sh_shaded_dot_0</styleUrl>
      <Point>
         <extrude>1</extrude>
         <altitudeMode>absolute</altitudeMode>
         <coordinates>
            -115.869735,34.578463,2834.005
         </coordinates>
      </Point>
   </Placemark>
   <Placemark>
      <name> </name>
      <description>628.0 sec (00:10:28.000)
Lon/lat: -115.8696, 34.5785
Alt: 2.840 km
Vel: 0.001 km/s</description>
      <styleUrl>#sh_shaded_dot_0</styleUrl>
      <Point>
         <extrude>1</extrude>
         <altitudeMode>absolute</altitudeMode>
         <coordinates>
            -115.869582,34.578488,2840.146
         </coordinates>
      </Point>
   </Placemark>
   <Placemark>
      <name> </name>
      <description>630.0 sec (00:10:30.000)
Lon/lat: -115.8694, 34.5785
Alt: 2.847 km
Vel: 0.001 km/s</description>
      <styleUrl>#sh_shaded_dot_0</styleUrl>
      <Point>
         <extrude>1</extrude>
         <altitudeMode>absolute</altitudeMode>
         <coordinates>
            -115.869427,34.578504,2847.236
         </coordinates>
      </Point>
   </Placemark>
   <Placemark>
      <name> </name>
      <description>632.0 sec (00:11:32.000)
Lon/lat: -115.8693, 34.5785
Alt: 2.855 km
Vel: 0.001 km/s</description>
      <styleUrl>#sh_shaded_dot_0</styleUrl>
      <Point>
         <extrude>1</extrude>
         <altitudeMode>absolute</altitudeMode>
         <coordinates>
            -115.869255,34.578518,2854.890
         </coordinates>
      </Point>
   </Placemark>
   <Placemark>
      <name> </name>
      <description>634.0 sec (00:11:34.000)
Lon/lat: -115.8691, 34.5785
Alt: 2.865 km
Vel: 0.001 km/s</description>
      <styleUrl>#sh_shaded_dot_0</styleUrl>
      <Point>
         <extrude>1</extrude>
         <altitudeMode>absolute</altitudeMode>
         <coordinates>
            -115.869096,34.578534,2864.761
         </coordinates>
      </Point>
   </Placemark>
   <Placemark>
      <name> </name>
      <description>636.0 sec (00:11:36.000)
Lon/lat: -115.8690, 34.5785
Alt: 2.872 km
Vel: 0.001 km/s</description>
      <styleUrl>#sh_shaded_dot_0</styleUrl>
      <Point>
         <extrude>1</extrude>
         <altitudeMode>absolute</altitudeMode>
         <coordinates>
            -115.868953,34.578547,2871.628
         </coordinates>
      </Point>
   </Placemark>
   <Placemark>
      <name> </name>
      <description>638.0 sec (00:11:38.000)
Lon/lat: -115.8688, 34.5786
Alt: 2.879 km
Vel: 0.001 km/s</description>
      <styleUrl>#sh_shaded_dot_0</styleUrl>
      <Point>
         <extrude>1</extrude>
         <altitudeMode>absolute</altitudeMode>
         <coordinates>
            -115.868795,34.578558,2879.157
         </coordinates>
      </Point>
   </Placemark>
   <Placemark>
      <name> </name>
      <description>640.0 sec (00:11:40.000)
Lon/lat: -115.8687, 34.5786
Alt: 2.889 km
Vel: 0.001 km/s</description>
      <styleUrl>#sh_shaded_dot_0</styleUrl>
      <Point>
         <extrude>1</extrude>
         <altitudeMode>absolute</altitudeMode>
         <coordinates>
            -115.868694,34.578588,2888.899
         </coordinates>
      </Point>
   </Placemark>
   <Placemark>
      <name> </name>
      <description>642.0 sec (00:11:42.000)
Lon/lat: -115.8686, 34.5786
Alt: 2.898 km
Vel: 0.001 km/s</description>
      <styleUrl>#sh_shaded_dot_0</styleUrl>
      <Point>
         <extrude>1</extrude>
         <altitudeMode>absolute</altitudeMode>
         <coordinates>
            -115.868602,34.578636,2898.060
         </coordinates>
      </Point>
   </Placemark>
   <Placemark>
      <name> </name>
      <description>644.0 sec (00:11:44.000)
Lon/lat: -115.8684, 34.5787
Alt: 2.907 km
Vel: 0.001 km/s</description>
      <styleUrl>#sh_shaded_dot_0</styleUrl>
      <Point>
         <extrude>1</extrude>
         <altitudeMode>absolute</altitudeMode>
         <coordinates>
            -115.868438,34.578683,2907.001
         </coordinates>
      </Point>
   </Placemark>
   <Placemark>
      <name> </name>
      <description>646.0 sec (00:11:46.000)
Lon/lat: -115.8683, 34.5787
Alt: 2.914 km
Vel: 0.001 km/s</description>
      <styleUrl>#sh_shaded_dot_0</styleUrl>
      <Point>
         <extrude>1</extrude>
         <altitudeMode>absolute</altitudeMode>
         <coordinates>
            -115.868254,34.578738,2913.528
         </coordinates>
      </Point>
   </Placemark>
   <Placemark>
      <name> </name>
      <description>648.0 sec (00:11:48.000)
Lon/lat: -115.8681, 34.5788
Alt: 2.917 km
Vel: 0.001 km/s</description>
      <styleUrl>#sh_shaded_dot_0</styleUrl>
      <Point>
         <extrude>1</extrude>
         <altitudeMode>absolute</altitudeMode>
         <coordinates>
            -115.868122,34.578782,2917.191
         </coordinates>
      </Point>
   </Placemark>
   <Placemark>
      <name> </name>
      <description>650.0 sec (00:11:50.000)
Lon/lat: -115.8680, 34.5788
Alt: 2.922 km
Vel: 0.001 km/s</description>
      <styleUrl>#sh_shaded_dot_0</styleUrl>
      <Point>
         <extrude>1</extrude>
         <altitudeMode>absolute</altitudeMode>
         <coordinates>
            -115.867994,34.578831,2921.967
         </coordinates>
      </Point>
   </Placemark>
   <Placemark>
      <name> </name>
      <description>652.0 sec (00:11:52.000)
Lon/lat: -115.8678, 34.5789
Alt: 2.926 km
Vel: 0.001 km/s</description>
      <styleUrl>#sh_shaded_dot_0</styleUrl>
      <Point>
         <extrude>1</extrude>
         <altitudeMode>absolute</altitudeMode>
         <coordinates>
            -115.867832,34.578866,2925.507
         </coordinates>
      </Point>
   </Placemark>
   <Placemark>
      <name> </name>
      <description>654.0 sec (00:11:54.000)
Lon/lat: -115.8677, 34.5789
Alt: 2.932 km
Vel: 0.001 km/s</description>
      <styleUrl>#sh_shaded_dot_0</styleUrl>
      <Point>
         <extrude>1</extrude>
         <altitudeMode>absolute</altitudeMode>
         <coordinates>
            -115.867689,34.578918,2931.614
         </coordinates>
      </Point>
   </Placemark>
   <Placemark>
      <name> </name>
      <description>656.0 sec (00:11:56.000)
Lon/lat: -115.8675, 34.5790
Alt: 2.937 km
Vel: 0.001 km/s</description>
      <styleUrl>#sh_shaded_dot_0</styleUrl>
      <Point>
         <extrude>1</extrude>
         <altitudeMode>absolute</altitudeMode>
         <coordinates>
            -115.867515,34.578962,2937.421
         </coordinates>
      </Point>
   </Placemark>
   <Placemark>
      <name> </name>
      <description>658.0 sec (00:11:58.000)
Lon/lat: -115.8674, 34.5790
Alt: 2.943 km
Vel: 0.001 km/s</description>
      <styleUrl>#sh_shaded_dot_0</styleUrl>
      <Point>
         <extrude>1</extrude>
         <altitudeMode>absolute</altitudeMode>
         <coordinates>
            -115.867356,34.579007,2942.605
         </coordinates>
      </Point>
   </Placemark>
   <Placemark>
      <name> </name>
      <description>660.0 sec (00:11:0.000)
Lon/lat: -115.8672, 34.5791
Alt: 2.947 km
Vel: 0.001 km/s</description>
      <styleUrl>#sh_shaded_dot_0</styleUrl>
      <Point>
         <extrude>1</extrude>
         <altitudeMode>absolute</altitudeMode>
         <coordinates>
            -115.867238,34.579052,2946.928
         </coordinates>
      </Point>
   </Placemark>
   <Placemark>
      <name> </name>
      <description>662.0 sec (00:11:2.000)
Lon/lat: -115.8671, 34.5791
Alt: 2.952 km
Vel: 0.001 km/s</description>
      <styleUrl>#sh_shaded_dot_0</styleUrl>
      <Point>
         <extrude>1</extrude>
         <altitudeMode>absolute</altitudeMode>
         <coordinates>
            -115.867107,34.579096,2951.950
         </coordinates>
      </Point>
   </Placemark>
   <Placemark>
      <name> </name>
      <description>664.0 sec (00:11:4.000)
Lon/lat: -115.8669, 34.5791
Alt: 2.957 km
Vel: 0.001 km/s</description>
      <styleUrl>#sh_shaded_dot_0</styleUrl>
      <Point>
         <extrude>1</extrude>
         <altitudeMode>absolute</altitudeMode>
         <coordinates>
            -115.866949,34.579136,2957.157
         </coordinates>
      </Point>
   </Placemark>
   <Placemark>
      <name> </name>
      <description>666.0 sec (00:11:6.000)
Lon/lat: -115.8668, 34.5792
Alt: 2.961 km
Vel: 0.001 km/s</description>
      <styleUrl>#sh_shaded_dot_0</styleUrl>
      <Point>
         <extrude>1</extrude>
         <altitudeMode>absolute</altitudeMode>
         <coordinates>
            -115.866815,34.579177,2960.824
         </coordinates>
      </Point>
   </Placemark>
   <Placemark>
      <name> </name>
      <description>668.0 sec (00:11:8.000)
Lon/lat: -115.8667, 34.5792
Alt: 2.964 km
Vel: 0.001 km/s</description>
      <styleUrl>#sh_shaded_dot_0</styleUrl>
      <Point>
         <extrude>1</extrude>
         <altitudeMode>absolute</altitudeMode>
         <coordinates>
            -115.866673,34.579221,2964.177
         </coordinates>
      </Point>
   </Placemark>
   <Placemark>
      <name> </name>
      <description>670.0 sec (00:11:10.000)
Lon/lat: -115.8665, 34.5793
Alt: 2.968 km
Vel: 0.001 km/s</description>
      <styleUrl>#sh_shaded_dot_0</styleUrl>
      <Point>
         <extrude>1</extrude>
         <altitudeMode>absolute</altitudeMode>
         <coordinates>
            -115.866516,34.579264,2968.154
         </coordinates>
      </Point>
   </Placemark>
   <Placemark>
      <name> </name>
      <description>672.0 sec (00:11:12.000)
Lon/lat: -115.8664, 34.5793
Alt: 2.973 km
Vel: 0.001 km/s</description>
      <styleUrl>#sh_shaded_dot_0</styleUrl>
      <Point>
         <extrude>1</extrude>
         <altitudeMode>absolute</altitudeMode>
         <coordinates>
            -115.866393,34.579313,2973.225
         </coordinates>
      </Point>
   </Placemark>
   <Placemark>
      <name> </name>
      <description>674.0 sec (00:11:14.000)
Lon/lat: -115.8662, 34.5794
Alt: 2.979 km
Vel: 0.001 km/s</description>
      <styleUrl>#sh_shaded_dot_0</styleUrl>
      <Point>
         <extrude>1</extrude>
         <altitudeMode>absolute</altitudeMode>
         <coordinates>
            -115.866242,34.579357,2979.166
         </coordinates>
      </Point>
   </Placemark>
   <Placemark>
      <name> </name>
      <description>676.0 sec (00:11:16.000)
Lon/lat: -115.8661, 34.5794
Alt: 2.985 km
Vel: 0.001 km/s</description>
      <styleUrl>#sh_shaded_dot_0</styleUrl>
      <Point>
         <extrude>1</extrude>
         <altitudeMode>absolute</altitudeMode>
         <coordinates>
            -115.866091,34.579397,2984.569
         </coordinates>
      </Point>
   </Placemark>
   <Placemark>
      <name> </name>
      <description>678.0 sec (00:11:18.000)
Lon/lat: -115.8660, 34.5794
Alt: 2.990 km
Vel: 0.001 km/s</description>
      <styleUrl>#sh_shaded_dot_0</styleUrl>
      <Point>
         <extrude>1</extrude>
         <altitudeMode>absolute</altitudeMode>
         <coordinates>
            -115.865963,34.579439,2990.202
         </coordinates>
      </Point>
   </Placemark>
   <Placemark>
      <name> </name>
      <description>680.0 sec (00:11:20.000)
Lon/lat: -115.8658, 34.5795
Alt: 2.995 km
Vel: 0.001 km/s</description>
      <styleUrl>#sh_shaded_dot_0</styleUrl>
      <Point>
         <extrude>1</extrude>
         <altitudeMode>absolute</altitudeMode>
         <coordinates>
            -115.865827,34.579498,2994.668
         </coordinates>
      </Point>
   </Placemark>
   <Placemark>
      <name> </name>
      <description>682.0 sec (00:11:22.000)
Lon/lat: -115.8657, 34.5795
Alt: 2.998 km
Vel: 0.001 km/s</description>
      <styleUrl>#sh_shaded_dot_0</styleUrl>
      <Point>
         <extrude>1</extrude>
         <altitudeMode>absolute</altitudeMode>
         <coordinates>
            -115.865681,34.579532,2998.339
         </coordinates>
      </Point>
   </Placemark>
   <Placemark>
      <name> </name>
      <description>684.0 sec (00:11:24.000)
Lon/lat: -115.8655, 34.5796
Alt: 3.003 km
Vel: 0.001 km/s</description>
      <styleUrl>#sh_shaded_dot_0</styleUrl>
      <Point>
         <extrude>1</extrude>
         <altitudeMode>absolute</altitudeMode>
         <coordinates>
            -115.865534,34.579588,3002.566
         </coordinates>
      </Point>
   </Placemark>
   <Placemark>
      <name> </name>
      <description>686.0 sec (00:11:26.000)
Lon/lat: -115.8654, 34.5796
Alt: 3.008 km
Vel: 0.001 km/s</description>
      <styleUrl>#sh_shaded_dot_0</styleUrl>
      <Point>
         <extrude>1</extrude>
         <altitudeMode>absolute</altitudeMode>
         <coordinates>
            -115.865391,34.579629,3007.825
         </coordinates>
      </Point>
   </Placemark>
   <Placemark>
      <name> </name>
      <description>688.0 sec (00:11:28.000)
Lon/lat: -115.8653, 34.5797
Alt: 3.013 km
Vel: 0.001 km/s</description>
      <styleUrl>#sh_shaded_dot_0</styleUrl>
      <Point>
         <extrude>1</extrude>
         <altitudeMode>absolute</altitudeMode>
         <coordinates>
            -115.865253,34.579676,3012.954
         </coordinates>
      </Point>
   </Placemark>
   <Placemark>
      <name> </name>
      <description>690.0 sec (00:12:30.000)
Lon/lat: -115.8651, 34.5797
Alt: 3.017 km
Vel: 0.001 km/s</description>
      <styleUrl>#sh_shaded_dot_0</styleUrl>
      <Point>
         <extrude>1</extrude>
         <altitudeMode>absolute</altitudeMode>
         <coordinates>
            -115.865098,34.579725,3017.297
         </coordinates>
      </Point>
   </Placemark>
   <Placemark>
      <name> </name>
      <description>692.0 sec (00:12:32.000)
Lon/lat: -115.8649, 34.5798
Alt: 3.022 km
Vel: 0.001 km/s</description>
      <styleUrl>#sh_shaded_dot_0</styleUrl>
      <Point>
         <extrude>1</extrude>
         <altitudeMode>absolute</altitudeMode>
         <coordinates>
            -115.864945,34.579766,3021.945
         </coordinates>
      </Point>
   </Placemark>
   <Placemark>
      <name> </name>
      <description>694.0 sec (00:12:34.000)
Lon/lat: -115.8648, 34.5798
Alt: 3.028 km
Vel: 0.001 km/s</description>
      <styleUrl>#sh_shaded_dot_0</styleUrl>
      <Point>
         <extrude>1</extrude>
         <altitudeMode>absolute</altitudeMode>
         <coordinates>
            -115.864800,34.579823,3027.758
         </coordinates>
      </Point>
   </Placemark>
   <Placemark>
      <name> </name>
      <description>696.0 sec (00:12:36.000)
Lon/lat: -115.8646, 34.5799
Alt: 3.034 km
Vel: 0.001 km/s</description>
      <styleUrl>#sh_shaded_dot_0</styleUrl>
      <Point>
         <extrude>1</extrude>
         <altitudeMode>absolute</altitudeMode>
         <coordinates>
            -115.864635,34.579872,3034.445
         </coordinates>
      </Point>
   </Placemark>
   <Placemark>
      <name> </name>
      <description>698.0 sec (00:12:38.000)
Lon/lat: -115.8645, 34.5799
Alt: 3.040 km
Vel: 0.001 km/s</description>
      <styleUrl>#sh_shaded_dot_0</styleUrl>
      <Point>
         <extrude>1</extrude>
         <altitudeMode>absolute</altitudeMode>
         <coordinates>
            -115.864472,34.579912,3039.754
         </coordinates>
      </Point>
   </Placemark>
   <Placemark>
      <name> </name>
      <description>700.0 sec (00:12:40.000)
Lon/lat: -115.8643, 34.5800
Alt: 3.048 km
Vel: 0.001 km/s</description>
      <styleUrl>#sh_shaded_dot_0</styleUrl>
      <Point>
         <extrude>1</extrude>
         <altitudeMode>absolute</altitudeMode>
         <coordinates>
            -115.864312,34.579972,3047.508
         </coordinates>
      </Point>
   </Placemark>
   <Placemark>
      <name> </name>
      <description>702.0 sec (00:12:42.000)
Lon/lat: -115.8641, 34.5800
Alt: 3.056 km
Vel: 0.001 km/s</description>
      <styleUrl>#sh_shaded_dot_0</styleUrl>
      <Point>
         <extrude>1</extrude>
         <altitudeMode>absolute</altitudeMode>
         <coordinates>
            -115.864149,34.580004,3055.720
         </coordinates>
      </Point>
   </Placemark>
   <Placemark>
      <name> </name>
      <description>704.0 sec (00:12:44.000)
Lon/lat: -115.8640, 34.5801
Alt: 3.063 km
Vel: 0.001 km/s</description>
      <styleUrl>#sh_shaded_dot_0</styleUrl>
      <Point>
         <extrude>1</extrude>
         <altitudeMode>absolute</altitudeMode>
         <coordinates>
            -115.864022,34.580058,3063.141
         </coordinates>
      </Point>
   </Placemark>
   <Placemark>
      <name> </name>
      <description>706.0 sec (00:12:46.000)
Lon/lat: -115.8639, 34.5801
Alt: 3.071 km
Vel: 0.001 km/s</description>
      <styleUrl>#sh_shaded_dot_0</styleUrl>
      <Point>
         <extrude>1</extrude>
         <altitudeMode>absolute</altitudeMode>
         <coordinates>
            -115.863869,34.580104,3070.921
         </coordinates>
      </Point>
   </Placemark>
   <Placemark>
      <name> </name>
      <description>708.0 sec (00:12:48.000)
Lon/lat: -115.8637, 34.5801
Alt: 3.078 km
Vel: 0.001 km/s</description>
      <styleUrl>#sh_shaded_dot_0</styleUrl>
      <Point>
         <extrude>1</extrude>
         <altitudeMode>absolute</altitudeMode>
         <coordinates>
            -115.863712,34.580149,3078.076
         </coordinates>
      </Point>
   </Placemark>
   <Placemark>
      <name> </name>
      <description>710.0 sec (00:12:50.000)
Lon/lat: -115.8636, 34.5802
Alt: 3.084 km
Vel: 0.001 km/s</description>
      <styleUrl>#sh_shaded_dot_0</styleUrl>
      <Point>
         <extrude>1</extrude>
         <altitudeMode>absolute</altitudeMode>
         <coordinates>
            -115.863553,34.580207,3083.737
         </coordinates>
      </Point>
   </Placemark>
   <Placemark>
      <name> </name>
      <description>712.0 sec (00:12:52.000)
Lon/lat: -115.8634, 34.5803
Alt: 3.088 km
Vel: 0.001 km/s</description>
      <styleUrl>#sh_shaded_dot_0</styleUrl>
      <Point>
         <extrude>1</extrude>
         <altitudeMode>absolute</altitudeMode>
         <coordinates>
            -115.863372,34.580259,3088.326
         </coordinates>
      </Point>
   </Placemark>
   <Placemark>
      <name> </name>
      <description>714.0 sec (00:12:54.000)
Lon/lat: -115.8632, 34.5803
Alt: 3.094 km
Vel: 0.001 km/s</description>
      <styleUrl>#sh_shaded_dot_0</styleUrl>
      <Point>
         <extrude>1</extrude>
         <altitudeMode>absolute</altitudeMode>
         <coordinates>
            -115.863183,34.580316,3094.345
         </coordinates>
      </Point>
   </Placemark>
   <Placemark>
      <name> </name>
      <description>716.0 sec (00:12:56.000)
Lon/lat: -115.8630, 34.5804
Alt: 3.100 km
Vel: 0.001 km/s</description>
      <styleUrl>#sh_shaded_dot_0</styleUrl>
      <Point>
         <extrude>1</extrude>
         <altitudeMode>absolute</altitudeMode>
         <coordinates>
            -115.863033,34.580368,3099.896
         </coordinates>
      </Point>
   </Placemark>
   <Placemark>
      <name> </name>
      <description>718.0 sec (00:12:58.000)
Lon/lat: -115.8629, 34.5804
Alt: 3.105 km
Vel: 0.001 km/s</description>
      <styleUrl>#sh_shaded_dot_0</styleUrl>
      <Point>
         <extrude>1</extrude>
         <altitudeMode>absolute</altitudeMode>
         <coordinates>
            -115.862879,34.580420,3105.472
         </coordinates>
      </Point>
   </Placemark>
   <Placemark>
      <name> </name>
      <description>720.0 sec (00:12:0.000)
Lon/lat: -115.8627, 34.5805
Alt: 3.110 km
Vel: 0.001 km/s</description>
      <styleUrl>#sh_shaded_dot_0</styleUrl>
      <Point>
         <extrude>1</extrude>
         <altitudeMode>absolute</altitudeMode>
         <coordinates>
            -115.862708,34.580467,3109.963
         </coordinates>
      </Point>
   </Placemark>
   <Placemark>
      <name> </name>
      <description>722.0 sec (00:12:2.000)
Lon/lat: -115.8625, 34.5805
Alt: 3.117 km
Vel: 0.001 km/s</description>
      <styleUrl>#sh_shaded_dot_0</styleUrl>
      <Point>
         <extrude>1</extrude>
         <altitudeMode>absolute</altitudeMode>
         <coordinates>
            -115.862539,34.580517,3117.483
         </coordinates>
      </Point>
   </Placemark>
   <Placemark>
      <name> </name>
      <description>724.0 sec (00:12:4.000)
Lon/lat: -115.8624, 34.5806
Alt: 3.121 km
Vel: 0.001 km/s</description>
      <styleUrl>#sh_shaded_dot_0</styleUrl>
      <Point>
         <extrude>1</extrude>
         <altitudeMode>absolute</altitudeMode>
         <coordinates>
            -115.862387,34.580562,3121.191
         </coordinates>
      </Point>
   </Placemark>
   <Placemark>
      <name> </name>
      <description>726.0 sec (00:12:6.000)
Lon/lat: -115.8622, 34.5806
Alt: 3.125 km
Vel: 0.001 km/s</description>
      <styleUrl>#sh_shaded_dot_0</styleUrl>
      <Point>
         <extrude>1</extrude>
         <altitudeMode>absolute</altitudeMode>
         <coordinates>
            -115.862222,34.580618,3125.170
         </coordinates>
      </Point>
   </Placemark>
   <Placemark>
      <name> </name>
      <description>728.0 sec (00:12:8.000)
Lon/lat: -115.8621, 34.5807
Alt: 3.130 km
Vel: 0.001 km/s</description>
      <styleUrl>#sh_shaded_dot_0</styleUrl>
      <Point>
         <extrude>1</extrude>
         <altitudeMode>absolute</altitudeMode>
         <coordinates>
            -115.862065,34.580667,3130.032
         </coordinates>
      </Point>
   </Placemark>
   <Placemark>
      <name> </name>
      <description>730.0 sec (00:12:10.000)
Lon/lat: -115.8619, 34.5807
Alt: 3.134 km
Vel: 0.001 km/s</description>
      <styleUrl>#sh_shaded_dot_0</styleUrl>
      <Point>
         <extrude>1</extrude>
         <altitudeMode>absolute</altitudeMode>
         <coordinates>
            -115.861911,34.580719,3134.449
         </coordinates>
      </Point>
   </Placemark>
   <Placemark>
      <name> </name>
      <description>732.0 sec (00:12:12.000)
Lon/lat: -115.8617, 34.5808
Alt: 3.139 km
Vel: 0.001 km/s</description>
      <styleUrl>#sh_shaded_dot_0</styleUrl>
      <Point>
         <extrude>1</extrude>
         <altitudeMode>absolute</altitudeMode>
         <coordinates>
            -115.861732,34.580770,3138.791
         </coordinates>
      </Point>
   </Placemark>
   <Placemark>
      <name> </name>
      <description>734.0 sec (00:12:14.000)
Lon/lat: -115.8615, 34.5808
Alt: 3.145 km
Vel: 0.001 km/s</description>
      <styleUrl>#sh_shaded_dot_0</styleUrl>
      <Point>
         <extrude>1</extrude>
         <altitudeMode>absolute</altitudeMode>
         <coordinates>
            -115.861548,34.580826,3145.191
         </coordinates>
      </Point>
   </Placemark>
   <Placemark>
      <name> </name>
      <description>736.0 sec (00:12:16.000)
Lon/lat: -115.8614, 34.5809
Alt: 3.150 km
Vel: 0.001 km/s</description>
      <styleUrl>#sh_shaded_dot_0</styleUrl>
      <Point>
         <extrude>1</extrude>
         <altitudeMode>absolute</altitudeMode>
         <coordinates>
            -115.861392,34.580874,3150.400
         </coordinates>
      </Point>
   </Placemark>
   <Placemark>
      <name> </name>
      <description>738.0 sec (00:12:18.000)
Lon/lat: -115.8612, 34.5809
Alt: 3.154 km
Vel: 0.001 km/s</description>
      <styleUrl>#sh_shaded_dot_0</styleUrl>
      <Point>
         <extrude>1</extrude>
         <altitudeMode>absolute</altitudeMode>
         <coordinates>
            -115.861222,34.580935,3154.339
         </coordinates>
      </Point>
   </Placemark>
   <Placemark>
      <name> </name>
      <description>740.0 sec (00:12:20.000)
Lon/lat: -115.8610, 34.5810
Alt: 3.159 km
Vel: 0.001 km/s</description>
      <styleUrl>#sh_shaded_dot_0</styleUrl>
      <Point>
         <extrude>1</extrude>
         <altitudeMode>absolute</altitudeMode>
         <coordinates>
            -115.861031,34.580985,3159.238
         </coordinates>
      </Point>
   </Placemark>
   <Placemark>
      <name> </name>
      <description>742.0 sec (00:12:22.000)
Lon/lat: -115.8608, 34.5810
Alt: 3.164 km
Vel: 0.001 km/s</description>
      <styleUrl>#sh_shaded_dot_0</styleUrl>
      <Point>
         <extrude>1</extrude>
         <altitudeMode>absolute</altitudeMode>
         <coordinates>
            -115.860846,34.581038,3163.743
         </coordinates>
      </Point>
   </Placemark>
   <Placemark>
      <name> </name>
      <description>744.0 sec (00:12:24.000)
Lon/lat: -115.8607, 34.5811
Alt: 3.169 km
Vel: 0.001 km/s</description>
      <styleUrl>#sh_shaded_dot_0</styleUrl>
      <Point>
         <extrude>1</extrude>
         <altitudeMode>absolute</altitudeMode>
         <coordinates>
            -115.860692,34.581082,3169.479
         </coordinates>
      </Point>
   </Placemark>
   <Placemark>
      <name> </name>
      <description>746.0 sec (00:12:26.000)
Lon/lat: -115.8605, 34.5811
Alt: 3.174 km
Vel: 0.001 km/s</description>
      <styleUrl>#sh_shaded_dot_0</styleUrl>
      <Point>
         <extrude>1</extrude>
         <altitudeMode>absolute</altitudeMode>
         <coordinates>
            -115.860522,34.581136,3174.206
         </coordinates>
      </Point>
   </Placemark>
   <Placemark>
      <name> </name>
      <description>748.0 sec (00:12:28.000)
Lon/lat: -115.8604, 34.5812
Alt: 3.180 km
Vel: 0.001 km/s</description>
      <styleUrl>#sh_shaded_dot_0</styleUrl>
      <Point>
         <extrude>1</extrude>
         <altitudeMode>absolute</altitudeMode>
         <coordinates>
            -115.860363,34.581191,3179.556
         </coordinates>
      </Point>
   </Placemark>
   <Placemark>
      <name> </name>
      <description>750.0 sec (00:12:30.000)
Lon/lat: -115.8602, 34.5812
Alt: 3.185 km
Vel: 0.001 km/s</description>
      <styleUrl>#sh_shaded_dot_0</styleUrl>
      <Point>
         <extrude>1</extrude>
         <altitudeMode>absolute</altitudeMode>
         <coordinates>
            -115.860191,34.581235,3184.900
         </coordinates>
      </Point>
   </Placemark>
   <Placemark>
      <name> </name>
      <description>752.0 sec (00:13:32.000)
Lon/lat: -115.8600, 34.5813
Alt: 3.190 km
Vel: 0.001 km/s</description>
      <styleUrl>#sh_shaded_dot_0</styleUrl>
      <Point>
         <extrude>1</extrude>
         <altitudeMode>absolute</altitudeMode>
         <coordinates>
            -115.860009,34.581279,3190.065
         </coordinates>
      </Point>
   </Placemark>
   <Placemark>
      <name> </name>
      <description>754.0 sec (00:13:34.000)
Lon/lat: -115.8598, 34.5813
Alt: 3.194 km
Vel: 0.001 km/s</description>
      <styleUrl>#sh_shaded_dot_0</styleUrl>
      <Point>
         <extrude>1</extrude>
         <altitudeMode>absolute</altitudeMode>
         <coordinates>
            -115.859850,34.581319,3193.895
         </coordinates>
      </Point>
   </Placemark>
   <Placemark>
      <name> </name>
      <description>756.0 sec (00:13:36.000)
Lon/lat: -115.8597, 34.5814
Alt: 3.202 km
Vel: 0.001 km/s</description>
      <styleUrl>#sh_shaded_dot_0</styleUrl>
      <Point>
         <extrude>1</extrude>
         <altitudeMode>absolute</altitudeMode>
         <coordinates>
            -115.859673,34.581376,3202.200
         </coordinates>
      </Point>
   </Placemark>
   <Placemark>
      <name> </name>
      <description>758.0 sec (00:13:38.000)
Lon/lat: -115.8595, 34.5814
Alt: 3.208 km
Vel: 0.001 km/s</description>
      <styleUrl>#sh_shaded_dot_0</styleUrl>
      <Point>
         <extrude>1</extrude>
         <altitudeMode>absolute</altitudeMode>
         <coordinates>
            -115.859463,34.581427,3208.437
         </coordinates>
      </Point>
   </Placemark>
   <Placemark>
      <name> </name>
      <description>760.0 sec (00:13:40.000)
Lon/lat: -115.8593, 34.5815
Alt: 3.215 km
Vel: 0.001 km/s</description>
      <styleUrl>#sh_shaded_dot_0</styleUrl>
      <Point>
         <extrude>1</extrude>
         <altitudeMode>absolute</altitudeMode>
         <coordinates>
            -115.859285,34.581465,3214.821
         </coordinates>
      </Point>
   </Placemark>
   <Placemark>
      <name> </name>
      <description>762.0 sec (00:13:42.000)
Lon/lat: -115.8591, 34.5815
Alt: 3.220 km
Vel: 0.001 km/s</description>
      <styleUrl>#sh_shaded_dot_0</styleUrl>
      <Point>
         <extrude>1</extrude>
         <altitudeMode>absolute</altitudeMode>
         <coordinates>
            -115.859125,34.581521,3220.300
         </coordinates>
      </Point>
   </Placemark>
   <Placemark>
      <name> </name>
      <description>764.0 sec (00:13:44.000)
Lon/lat: -115.8589, 34.5816
Alt: 3.227 km
Vel: 0.001 km/s</description>
      <styleUrl>#sh_shaded_dot_0</styleUrl>
      <Point>
         <extrude>1</extrude>
         <altitudeMode>absolute</altitudeMode>
         <coordinates>
            -115.858940,34.581564,3227.084
         </coordinates>
      </Point>
   </Placemark>
   <Placemark>
      <name> </name>
      <description>766.0 sec (00:13:46.000)
Lon/lat: -115.8587, 34.5816
Alt: 3.232 km
Vel: 0.001 km/s</description>
      <styleUrl>#sh_shaded_dot_0</styleUrl>
      <Point>
         <extrude>1</extrude>
         <altitudeMode>absolute</altitudeMode>
         <coordinates>
            -115.858730,34.581621,3232.180
         </coordinates>
      </Point>
   </Placemark>
   <Placemark>
      <name> </name>
      <description>768.0 sec (00:13:48.000)
Lon/lat: -115.8585, 34.5817
Alt: 3.238 km
Vel: 0.001 km/s</description>
      <styleUrl>#sh_shaded_dot_0</styleUrl>
      <Point>
         <extrude>1</extrude>
         <altitudeMode>absolute</altitudeMode>
         <coordinates>
            -115.858545,34.581660,3238.090
         </coordinates>
      </Point>
   </Placemark>
   <Placemark>
      <name> </name>
      <description>770.0 sec (00:13:50.000)
Lon/lat: -115.8584, 34.5817
Alt: 3.243 km
Vel: 0.001 km/s</description>
      <styleUrl>#sh_shaded_dot_0</styleUrl>
      <Point>
         <extrude>1</extrude>
         <altitudeMode>absolute</altitudeMode>
         <coordinates>
            -115.858369,34.581707,3243.314
         </coordinates>
      </Point>
   </Placemark>
   <Placemark>
      <name> </name>
      <description>772.0 sec (00:13:52.000)
Lon/lat: -115.8582, 34.5818
Alt: 3.249 km
Vel: 0.001 km/s</description>
      <styleUrl>#sh_shaded_dot_0</styleUrl>
      <Point>
         <extrude>1</extrude>
         <altitudeMode>absolute</altitudeMode>
         <coordinates>
            -115.858174,34.581762,3249.288
         </coordinates>
      </Point>
   </Placemark>
   <Placemark>
      <name> </name>
      <description>774.0 sec (00:13:54.000)
Lon/lat: -115.8580, 34.5818
Alt: 3.255 km
Vel: 0.001 km/s</description>
      <styleUrl>#sh_shaded_dot_0</styleUrl>
      <Point>
         <extrude>1</extrude>
         <altitudeMode>absolute</altitudeMode>
         <coordinates>
            -115.857993,34.581797,3254.596
         </coordinates>
      </Point>
   </Placemark>
   <Placemark>
      <name> </name>
      <description>776.0 sec (00:13:56.000)
Lon/lat: -115.8578, 34.5819
Alt: 3.261 km
Vel: 0.001 km/s</description>
      <styleUrl>#sh_shaded_dot_0</styleUrl>
      <Point>
         <extrude>1</extrude>
         <altitudeMode>absolute</altitudeMode>
         <coordinates>
            -115.857809,34.581851,3261.276
         </coordinates>
      </Point>
   </Placemark>
   <Placemark>
      <name> </name>
      <description>778.0 sec (00:13:58.000)
Lon/lat: -115.8576, 34.5819
Alt: 3.266 km
Vel: 0.001 km/s</description>
      <styleUrl>#sh_shaded_dot_0</styleUrl>
      <Point>
         <extrude>1</extrude>
         <altitudeMode>absolute</altitudeMode>
         <coordinates>
            -115.857635,34.581888,3266.403
         </coordinates>
      </Point>
   </Placemark>
   <Placemark>
      <name> </name>
      <description>780.0 sec (00:13:0.000)
Lon/lat: -115.8574, 34.5819
Alt: 3.271 km
Vel: 0.001 km/s</description>
      <styleUrl>#sh_shaded_dot_0</styleUrl>
      <Point>
         <extrude>1</extrude>
         <altitudeMode>absolute</altitudeMode>
         <coordinates>
            -115.857438,34.581933,3271.327
         </coordinates>
      </Point>
   </Placemark>
   <Placemark>
      <name> </name>
      <description>782.0 sec (00:13:2.000)
Lon/lat: -115.8573, 34.5820
Alt: 3.276 km
Vel: 0.001 km/s</description>
      <styleUrl>#sh_shaded_dot_0</styleUrl>
      <Point>
         <extrude>1</extrude>
         <altitudeMode>absolute</altitudeMode>
         <coordinates>
            -115.857257,34.581972,3276.302
         </coordinates>
      </Point>
   </Placemark>
   <Placemark>
      <name> </name>
      <description>784.0 sec (00:13:4.000)
Lon/lat: -115.8571, 34.5820
Alt: 3.281 km
Vel: 0.001 km/s</description>
      <styleUrl>#sh_shaded_dot_0</styleUrl>
      <Point>
         <extrude>1</extrude>
         <altitudeMode>absolute</altitudeMode>
         <coordinates>
            -115.857051,34.582012,3280.802
         </coordinates>
      </Point>
   </Placemark>
   <Placemark>
      <name> </name>
      <description>786.0 sec (00:13:6.000)
Lon/lat: -115.8569, 34.5821
Alt: 3.286 km
Vel: 0.001 km/s</description>
      <styleUrl>#sh_shaded_dot_0</styleUrl>
      <Point>
         <extrude>1</extrude>
         <altitudeMode>absolute</altitudeMode>
         <coordinates>
            -115.856859,34.582056,3286.073
         </coordinates>
      </Point>
   </Placemark>
   <Placemark>
      <name> </name>
      <description>788.0 sec (00:13:8.000)
Lon/lat: -115.8567, 34.5821
Alt: 3.293 km
Vel: 0.001 km/s</description>
      <styleUrl>#sh_shaded_dot_0</styleUrl>
      <Point>
         <extrude>1</extrude>
         <altitudeMode>absolute</altitudeMode>
         <coordinates>
            -115.856673,34.582100,3292.611
         </coordinates>
      </Point>
   </Placemark>
   <Placemark>
      <name> </name>
      <description>790.0 sec (00:13:10.000)
Lon/lat: -115.8565, 34.5821
Alt: 3.297 km
Vel: 0.001 km/s</description>
      <styleUrl>#sh_shaded_dot_0</styleUrl>
      <Point>
         <extrude>1</extrude>
         <altitudeMode>absolute</altitudeMode>
         <coordinates>
            -115.856473,34.582145,3297.233
         </coordinates>
      </Point>
   </Placemark>
   <Placemark>
      <name> </name>
      <description>792.0 sec (00:13:12.000)
Lon/lat: -115.8563, 34.5822
Alt: 3.304 km
Vel: 0.001 km/s</description>
      <styleUrl>#sh_shaded_dot_0</styleUrl>
      <Point>
         <extrude>1</extrude>
         <altitudeMode>absolute</altitudeMode>
         <coordinates>
            -115.856282,34.582187,3304.273
         </coordinates>
      </Point>
   </Placemark>
   <Placemark>
      <name> </name>
      <description>794.0 sec (00:13:14.000)
Lon/lat: -115.8561, 34.5822
Alt: 3.310 km
Vel: 0.001 km/s</description>
      <styleUrl>#sh_shaded_dot_0</styleUrl>
      <Point>
         <extrude>1</extrude>
         <altitudeMode>absolute</altitudeMode>
         <coordinates>
            -115.856092,34.582221,3310.478
         </coordinates>
      </Point>
   </Placemark>
   <Placemark>
      <name> </name>
      <description>796.0 sec (00:13:16.000)
Lon/lat: -115.8559, 34.5823
Alt: 3.314 km
Vel: 0.001 km/s</description>
      <styleUrl>#sh_shaded_dot_0</styleUrl>
      <Point>
         <extrude>1</extrude>
         <altitudeMode>absolute</altitudeMode>
         <coordinates>
            -115.855913,34.582267,3314.344
         </coordinates>
      </Point>
   </Placemark>
   <Placemark>
      <name> </name>
      <description>798.0 sec (00:13:18.000)
Lon/lat: -115.8557, 34.5823
Alt: 3.319 km
Vel: 0.001 km/s</description>
      <styleUrl>#sh_shaded_dot_0</styleUrl>
      <Point>
         <extrude>1</extrude>
         <altitudeMode>absolute</altitudeMode>
         <coordinates>
            -115.855714,34.582314,3318.720
         </coordinates>
      </Point>
   </Placemark>
   <Placemark>
      <name> </name>
      <description>800.0 sec (00:13:20.000)
Lon/lat: -115.8555, 34.5824
Alt: 3.323 km
Vel: 0.001 km/s</description>
      <styleUrl>#sh_shaded_dot_0</styleUrl>
      <Point>
         <extrude>1</extrude>
         <altitudeMode>absolute</altitudeMode>
         <coordinates>
            -115.855489,34.582353,3323.380
         </coordinates>
      </Point>
   </Placemark>
   <Placemark>
      <name> </name>
      <description>802.0 sec (00:13:22.000)
Lon/lat: -115.8553, 34.5824
Alt: 3.329 km
Vel: 0.001 km/s</description>
      <styleUrl>#sh_shaded_dot_0</styleUrl>
      <Point>
         <extrude>1</extrude>
         <altitudeMode>absolute</altitudeMode>
         <coordinates>
            -115.855304,34.582399,3329.080
         </coordinates>
      </Point>
   </Placemark>
   <Placemark>
      <name> </name>
      <description>804.0 sec (00:13:24.000)
Lon/lat: -115.8551, 34.5824
Alt: 3.335 km
Vel: 0.001 km/s</description>
      <styleUrl>#sh_shaded_dot_0</styleUrl>
      <Point>
         <extrude>1</extrude>
         <altitudeMode>absolute</altitudeMode>
         <coordinates>
            -115.855112,34.582425,3335.045
         </coordinates>
      </Point>
   </Placemark>
   <Placemark>
      <name> </name>
      <description>806.0 sec (00:13:26.000)
Lon/lat: -115.8549, 34.5825
Alt: 3.341 km
Vel: 0.001 km/s</description>
      <styleUrl>#sh_shaded_dot_0</styleUrl>
      <Point>
         <extrude>1</extrude>
         <altitudeMode>absolute</altitudeMode>
         <coordinates>
            -115.854949,34.582470,3341.361
         </coordinates>
      </Point>
   </Placemark>
   <Placemark>
      <name> </name>
      <description>808.0 sec (00:13:28.000)
Lon/lat: -115.8548, 34.5825
Alt: 3.348 km
Vel: 0.001 km/s</description>
      <styleUrl>#sh_shaded_dot_0</styleUrl>
      <Point>
         <extrude>1</extrude>
         <altitudeMode>absolute</altitudeMode>
         <coordinates>
            -115.854756,34.582514,3347.537
         </coordinates>
      </Point>
   </Placemark>
   <Placemark>
      <name> </name>
      <description>810.0 sec (00:14:30.000)
Lon/lat: -115.8546, 34.5825
Alt: 3.353 km
Vel: 0.001 km/s</description>
      <styleUrl>#sh_shaded_dot_0</styleUrl>
      <Point>
         <extrude>1</extrude>
         <altitudeMode>absolute</altitudeMode>
         <coordinates>
            -115.854552,34.582550,3353.484
         </coordinates>
      </Point>
   </Placemark>
   <Placemark>
      <name> </name>
      <description>812.0 sec (00:14:32.000)
Lon/lat: -115.8544, 34.5826
Alt: 3.360 km
Vel: 0.001 km/s</description>
      <styleUrl>#sh_shaded_dot_0</styleUrl>
      <Point>
         <extrude>1</extrude>
         <altitudeMode>absolute</altitudeMode>
         <coordinates>
            -115.854366,34.582587,3359.783
         </coordinates>
      </Point>
   </Placemark>
   <Placemark>
      <name> </name>
      <description>814.0 sec (00:14:34.000)
Lon/lat: -115.8542, 34.5826
Alt: 3.367 km
Vel: 0.001 km/s</description>
      <styleUrl>#sh_shaded_dot_0</styleUrl>
      <Point>
         <extrude>1</extrude>
         <altitudeMode>absolute</altitudeMode>
         <coordinates>
            -115.854177,34.582629,3366.651
         </coordinates>
      </Point>
   </Placemark>
   <Placemark>
      <name> </name>
      <description>816.0 sec (00:14:36.000)
Lon/lat: -115.8540, 34.5827
Alt: 3.373 km
Vel: 0.001 km/s</description>
      <styleUrl>#sh_shaded_dot_0</styleUrl>
      <Point>
         <extrude>1</extrude>
         <altitudeMode>absolute</altitudeMode>
         <coordinates>
            -115.853983,34.582673,3373.389
         </coordinates>
      </Point>
   </Placemark>
   <Placemark>
      <name> </name>
      <description>818.0 sec (00:14:38.000)
Lon/lat: -115.8538, 34.5827
Alt: 3.378 km
Vel: 0.001 km/s</description>
      <styleUrl>#sh_shaded_dot_0</styleUrl>
      <Point>
         <extrude>1</extrude>
         <altitudeMode>absolute</altitudeMode>
         <coordinates>
            -115.853760,34.582718,3377.921
         </coordinates>
      </Point>
   </Placemark>
   <Placemark>
      <name> </name>
      <description>820.0 sec (00:14:40.000)
Lon/lat: -115.8536, 34.5828
Alt: 3.384 km
Vel: 0.001 km/s</description>
      <styleUrl>#sh_shaded_dot_0</styleUrl>
      <Point>
         <extrude>1</extrude>
         <altitudeMode>absolute</altitudeMode>
         <coordinates>
            -115.853578,34.582756,3384.477
         </coordinates>
      </Point>
   </Placemark>
   <Placemark>
      <name> </name>
      <description>822.0 sec (00:14:42.000)
Lon/lat: -115.8534, 34.5828
Alt: 3.389 km
Vel: 0.001 km/s</description>
      <styleUrl>#sh_shaded_dot_0</styleUrl>
      <Point>
         <extrude>1</extrude>
         <altitudeMode>absolute</altitudeMode>
         <coordinates>
            -115.853391,34.582793,3389.445
         </coordinates>
      </Point>
   </Placemark>
   <Placemark>
      <name> </name>
      <description>824.0 sec (00:14:44.000)
Lon/lat: -115.8532, 34.5828
Alt: 3.394 km
Vel: 0.001 km/s</description>
      <styleUrl>#sh_shaded_dot_0</styleUrl>
      <Point>
         <extrude>1</extrude>
         <altitudeMode>absolute</altitudeMode>
         <coordinates>
            -115.853205,34.582828,3394.175
         </coordinates>
      </Point>
   </Placemark>
   <Placemark>
      <name> </name>
      <description>826.0 sec (00:14:46.000)
Lon/lat: -115.8530, 34.5829
Alt: 3.399 km
Vel: 0.001 km/s</description>
      <styleUrl>#sh_shaded_dot_0</styleUrl>
      <Point>
         <extrude>1</extrude>
         <altitudeMode>absolute</altitudeMode>
         <coordinates>
            -115.853012,34.582868,3399.123
         </coordinates>
      </Point>
   </Placemark>
   <Placemark>
      <name> </name>
      <description>828.0 sec (00:14:48.000)
Lon/lat: -115.8529, 34.5829
Alt: 3.403 km
Vel: 0.001 km/s</description>
      <styleUrl>#sh_shaded_dot_0</styleUrl>
      <Point>
         <extrude>1</extrude>
         <altitudeMode>absolute</altitudeMode>
         <coordinates>
            -115.852859,34.582904,3403.042
         </coordinates>
      </Point>
   </Placemark>
   <Placemark>
      <name> </name>
      <description>830.0 sec (00:14:50.000)
Lon/lat: -115.8527, 34.5829
Alt: 3.408 km
Vel: 0.001 km/s</description>
      <styleUrl>#sh_shaded_dot_0</styleUrl>
      <Point>
         <extrude>1</extrude>
         <altitudeMode>absolute</altitudeMode>
         <coordinates>
            -115.852697,34.582942,3408.195
         </coordinates>
      </Point>
   </Placemark>
   <Placemark>
      <name> </name>
      <description>832.0 sec (00:14:52.000)
Lon/lat: -115.8525, 34.5830
Alt: 3.412 km
Vel: 0.001 km/s</description>
      <styleUrl>#sh_shaded_dot_0</styleUrl>
      <Point>
         <extrude>1</extrude>
         <altitudeMode>absolute</altitudeMode>
         <coordinates>
            -115.852507,34.582971,3412.239
         </coordinates>
      </Point>
   </Placemark>
   <Placemark>
      <name> </name>
      <description>834.0 sec (00:14:54.000)
Lon/lat: -115.8523, 34.5830
Alt: 3.418 km
Vel: 0.001 km/s</description>
      <styleUrl>#sh_shaded_dot_0</styleUrl>
      <Point>
         <extrude>1</extrude>
         <altitudeMode>absolute</altitudeMode>
         <coordinates>
            -115.852319,34.583019,3418.258
         </coordinates>
      </Point>
   </Placemark>
   <Placemark>
      <name> </name>
      <description>836.0 sec (00:14:56.000)
Lon/lat: -115.8521, 34.5831
Alt: 3.424 km
Vel: 0.001 km/s</description>
      <styleUrl>#sh_shaded_dot_0</styleUrl>
      <Point>
         <extrude>1</extrude>
         <altitudeMode>absolute</altitudeMode>
         <coordinates>
            -115.852131,34.583065,3423.528
         </coordinates>
      </Point>
   </Placemark>
   <Placemark>
      <name> </name>
      <description>838.0 sec (00:14:58.000)
Lon/lat: -115.8519, 34.5831
Alt: 3.428 km
Vel: 0.001 km/s</description>
      <styleUrl>#sh_shaded_dot_0</styleUrl>
      <Point>
         <extrude>1</extrude>
         <altitudeMode>absolute</altitudeMode>
         <coordinates>
            -115.851944,34.583100,3427.983
         </coordinates>
      </Point>
   </Placemark>
   <Placemark>
      <name> </name>
      <description>840.0 sec (00:14:0.000)
Lon/lat: -115.8518, 34.5831
Alt: 3.432 km
Vel: 0.001 km/s</description>
      <styleUrl>#sh_shaded_dot_0</styleUrl>
      <Point>
         <extrude>1</extrude>
         <altitudeMode>absolute</altitudeMode>
         <coordinates>
            -115.851773,34.583138,3431.895
         </coordinates>
      </Point>
   </Placemark>
   <Placemark>
      <name> </name>
      <description>842.0 sec (00:14:2.000)
Lon/lat: -115.8516, 34.5832
Alt: 3.437 km
Vel: 0.001 km/s</description>
      <styleUrl>#sh_shaded_dot_0</styleUrl>
      <Point>
         <extrude>1</extrude>
         <altitudeMode>absolute</altitudeMode>
         <coordinates>
            -115.851607,34.583171,3436.963
         </coordinates>
      </Point>
   </Placemark>
   <Placemark>
      <name> </name>
      <description>844.0 sec (00:14:4.000)
Lon/lat: -115.8514, 34.5832
Alt: 3.440 km
Vel: 0.001 km/s</description>
      <styleUrl>#sh_shaded_dot_0</styleUrl>
      <Point>
         <extrude>1</extrude>
         <altitudeMode>absolute</altitudeMode>
         <coordinates>
            -115.851419,34.583202,3440.353
         </coordinates>
      </Point>
   </Placemark>
   <Placemark>
      <name> </name>
      <description>846.0 sec (00:14:6.000)
Lon/lat: -115.8512, 34.5832
Alt: 3.445 km
Vel: 0.001 km/s</description>
      <styleUrl>#sh_shaded_dot_0</styleUrl>
      <Point>
         <extrude>1</extrude>
         <altitudeMode>absolute</altitudeMode>
         <coordinates>
            -115.851236,34.583248,3444.812
         </coordinates>
      </Point>
   </Placemark>
   <Placemark>
      <name> </name>
      <description>848.0 sec (00:14:8.000)
Lon/lat: -115.8511, 34.5833
Alt: 3.449 km
Vel: 0.001 km/s</description>
      <styleUrl>#sh_shaded_dot_0</styleUrl>
      <Point>
         <extrude>1</extrude>
         <altitudeMode>absolute</altitudeMode>
         <coordinates>
            -115.851056,34.583282,3449.011
         </coordinates>
      </Point>
   </Placemark>
   <Placemark>
      <name> </name>
      <description>850.0 sec (00:14:10.000)
Lon/lat: -115.8509, 34.5833
Alt: 3.455 km
Vel: 0.001 km/s</description>
      <styleUrl>#sh_shaded_dot_0</styleUrl>
      <Point>
         <extrude>1</extrude>
         <altitudeMode>absolute</altitudeMode>
         <coordinates>
            -115.850875,34.583323,3455.492
         </coordinates>
      </Point>
   </Placemark>
   <Placemark>
      <name> </name>
      <description>852.0 sec (00:14:12.000)
Lon/lat: -115.8507, 34.5834
Alt: 3.460 km
Vel: 0.001 km/s</description>
      <styleUrl>#sh_shaded_dot_0</styleUrl>
      <Point>
         <extrude>1</extrude>
         <altitudeMode>absolute</altitudeMode>
         <coordinates>
            -115.850690,34.583364,3459.794
         </coordinates>
      </Point>
   </Placemark>
   <Placemark>
      <name> </name>
      <description>854.0 sec (00:14:14.000)
Lon/lat: -115.8505, 34.5834
Alt: 3.465 km
Vel: 0.001 km/s</description>
      <styleUrl>#sh_shaded_dot_0</styleUrl>
      <Point>
         <extrude>1</extrude>
         <altitudeMode>absolute</altitudeMode>
         <coordinates>
            -115.850502,34.583399,3464.619
         </coordinates>
      </Point>
   </Placemark>
   <Placemark>
      <name> </name>
      <description>856.0 sec (00:14:16.000)
Lon/lat: -115.8503, 34.5834
Alt: 3.468 km
Vel: 0.001 km/s</description>
      <styleUrl>#sh_shaded_dot_0</styleUrl>
      <Point>
         <extrude>1</extrude>
         <altitudeMode>absolute</altitudeMode>
         <coordinates>
            -115.850311,34.583443,3467.811
         </coordinates>
      </Point>
   </Placemark>
   <Placemark>
      <name> </name>
      <description>858.0 sec (00:14:18.000)
Lon/lat: -115.8501, 34.5835
Alt: 3.474 km
Vel: 0.001 km/s</description>
      <styleUrl>#sh_shaded_dot_0</styleUrl>
      <Point>
         <extrude>1</extrude>
         <altitudeMode>absolute</altitudeMode>
         <coordinates>
            -115.850126,34.583480,3473.891
         </coordinates>
      </Point>
   </Placemark>
   <Placemark>
      <name> </name>
      <description>860.0 sec (00:14:20.000)
Lon/lat: -115.8499, 34.5835
Alt: 3.479 km
Vel: 0.001 km/s</description>
      <styleUrl>#sh_shaded_dot_0</styleUrl>
      <Point>
         <extrude>1</extrude>
         <altitudeMode>absolute</altitudeMode>
         <coordinates>
            -115.849942,34.583510,3478.863
         </coordinates>
      </Point>
   </Placemark>
   <Placemark>
      <name> </name>
      <description>862.0 sec (00:14:22.000)
Lon/lat: -115.8498, 34.5836
Alt: 3.483 km
Vel: 0.001 km/s</description>
      <styleUrl>#sh_shaded_dot_0</styleUrl>
      <Point>
         <extrude>1</extrude>
         <altitudeMode>absolute</altitudeMode>
         <coordinates>
            -115.849783,34.583552,3483.191
         </coordinates>
      </Point>
   </Placemark>
   <Placemark>
      <name> </name>
      <description>864.0 sec (00:14:24.000)
Lon/lat: -115.8496, 34.5836
Alt: 3.490 km
Vel: 0.001 km/s</description>
      <styleUrl>#sh_shaded_dot_0</styleUrl>
      <Point>
         <extrude>1</extrude>
         <altitudeMode>absolute</altitudeMode>
         <coordinates>
            -115.849585,34.583590,3489.563
         </coordinates>
      </Point>
   </Placemark>
   <Placemark>
      <name> </name>
      <description>866.0 sec (00:14:26.000)
Lon/lat: -115.8494, 34.5836
Alt: 3.494 km
Vel: 0.001 km/s</description>
      <styleUrl>#sh_shaded_dot_0</styleUrl>
      <Point>
         <extrude>1</extrude>
         <altitudeMode>absolute</altitudeMode>
         <coordinates>
            -115.849408,34.583621,3493.538
         </coordinates>
      </Point>
   </Placemark>
   <Placemark>
      <name> </name>
      <description>868.0 sec (00:14:28.000)
Lon/lat: -115.8492, 34.5837
Alt: 3.498 km
Vel: 0.001 km/s</description>
      <styleUrl>#sh_shaded_dot_0</styleUrl>
      <Point>
         <extrude>1</extrude>
         <altitudeMode>absolute</altitudeMode>
         <coordinates>
            -115.849243,34.583668,3498.119
         </coordinates>
      </Point>
   </Placemark>
   <Placemark>
      <name> </name>
      <description>870.0 sec (00:14:30.000)
Lon/lat: -115.8490, 34.5837
Alt: 3.503 km
Vel: 0.001 km/s</description>
      <styleUrl>#sh_shaded_dot_0</styleUrl>
      <Point>
         <extrude>1</extrude>
         <altitudeMode>absolute</altitudeMode>
         <coordinates>
            -115.849040,34.583702,3502.828
         </coordinates>
      </Point>
   </Placemark>
   <Placemark>
      <name> </name>
      <description>872.0 sec (00:15:32.000)
Lon/lat: -115.8488, 34.5837
Alt: 3.510 km
Vel: 0.001 km/s</description>
      <styleUrl>#sh_shaded_dot_0</styleUrl>
      <Point>
         <extrude>1</extrude>
         <altitudeMode>absolute</altitudeMode>
         <coordinates>
            -115.848847,34.583744,3510.126
         </coordinates>
      </Point>
   </Placemark>
   <Placemark>
      <name> </name>
      <description>874.0 sec (00:15:34.000)
Lon/lat: -115.8487, 34.5838
Alt: 3.516 km
Vel: 0.001 km/s</description>
      <styleUrl>#sh_shaded_dot_0</styleUrl>
      <Point>
         <extrude>1</extrude>
         <altitudeMode>absolute</altitudeMode>
         <coordinates>
            -115.848674,34.583791,3516.032
         </coordinates>
      </Point>
   </Placemark>
   <Placemark>
      <name> </name>
      <description>876.0 sec (00:15:36.000)
Lon/lat: -115.8485, 34.5838
Alt: 3.520 km
Vel: 0.001 km/s</description>
      <styleUrl>#sh_shaded_dot_0</styleUrl>
      <Point>
         <extrude>1</extrude>
         <altitudeMode>absolute</altitudeMode>
         <coordinates>
            -115.848491,34.583818,3520.464
         </coordinates>
      </Point>
   </Placemark>
   <Placemark>
      <name> </name>
      <description>878.0 sec (00:15:38.000)
Lon/lat: -115.8483, 34.5838
Alt: 3.526 km
Vel: 0.001 km/s</description>
      <styleUrl>#sh_shaded_dot_0</styleUrl>
      <Point>
         <extrude>1</extrude>
         <altitudeMode>absolute</altitudeMode>
         <coordinates>
            -115.848301,34.583847,3525.938
         </coordinates>
      </Point>
   </Placemark>
   <Placemark>
      <name> </name>
      <description>880.0 sec (00:15:40.000)
Lon/lat: -115.8481, 34.5839
Alt: 3.532 km
Vel: 0.001 km/s</description>
      <styleUrl>#sh_shaded_dot_0</styleUrl>
      <Point>
         <extrude>1</extrude>
         <altitudeMode>absolute</altitudeMode>
         <coordinates>
            -115.848117,34.583888,3532.472
         </coordinates>
      </Point>
   </Placemark>
   <Placemark>
      <name> </name>
      <description>882.0 sec (00:15:42.000)
Lon/lat: -115.8479, 34.5839
Alt: 3.537 km
Vel: 0.001 km/s</description>
      <styleUrl>#sh_shaded_dot_0</styleUrl>
      <Point>
         <extrude>1</extrude>
         <altitudeMode>absolute</altitudeMode>
         <coordinates>
            -115.847896,34.583935,3537.318
         </coordinates>
      </Point>
   </Placemark>
   <Placemark>
      <name> </name>
      <description>884.0 sec (00:15:44.000)
Lon/lat: -115.8477, 34.5840
Alt: 3.542 km
Vel: 0.001 km/s</description>
      <styleUrl>#sh_shaded_dot_0</styleUrl>
      <Point>
         <extrude>1</extrude>
         <altitudeMode>absolute</altitudeMode>
         <coordinates>
            -115.847708,34.583958,3541.631
         </coordinates>
      </Point>
   </Placemark>
   <Placemark>
      <name> </name>
      <description>886.0 sec (00:15:46.000)
Lon/lat: -115.8475, 34.5840
Alt: 3.546 km
Vel: 0.001 km/s</description>
      <styleUrl>#sh_shaded_dot_0</styleUrl>
      <Point>
         <extrude>1</extrude>
         <altitudeMode>absolute</altitudeMode>
         <coordinates>
            -115.847534,34.583982,3545.732
         </coordinates>
      </Point>
   </Placemark>
   <Placemark>
      <name> </name>
      <description>888.0 sec (00:15:48.000)
Lon/lat: -115.8473, 34.5840
Alt: 3.551 km
Vel: 0.001 km/s</description>
      <styleUrl>#sh_shaded_dot_0</styleUrl>
      <Point>
         <extrude>1</extrude>
         <altitudeMode>absolute</altitudeMode>
         <coordinates>
            -115.847345,34.584022,3550.718
         </coordinates>
      </Point>
   </Placemark>
   <Placemark>
      <name> </name>
      <description>890.0 sec (00:15:50.000)
Lon/lat: -115.8471, 34.5841
Alt: 3.556 km
Vel: 0.001 km/s</description>
      <styleUrl>#sh_shaded_dot_0</styleUrl>
      <Point>
         <extrude>1</extrude>
         <altitudeMode>absolute</altitudeMode>
         <coordinates>
            -115.847142,34.584070,3555.741
         </coordinates>
      </Point>
   </Placemark>
   <Placemark>
      <name> </name>
      <description>892.0 sec (00:15:52.000)
Lon/lat: -115.8469, 34.5841
Alt: 3.561 km
Vel: 0.001 km/s</description>
      <styleUrl>#sh_shaded_dot_0</styleUrl>
      <Point>
         <extrude>1</extrude>
         <altitudeMode>absolute</altitudeMode>
         <coordinates>
            -115.846930,34.584104,3560.570
         </coordinates>
      </Point>
   </Placemark>
   <Placemark>
      <name> </name>
      <description>894.0 sec (00:15:54.000)
Lon/lat: -115.8468, 34.5841
Alt: 3.564 km
Vel: 0.001 km/s</description>
      <styleUrl>#sh_shaded_dot_0</styleUrl>
      <Point>
         <extrude>1</extrude>
         <altitudeMode>absolute</altitudeMode>
         <coordinates>
            -115.846770,34.584130,3564.383
         </coordinates>
      </Point>
   </Placemark>
   <Placemark>
      <name> </name>
      <description>896.0 sec (00:15:56.000)
Lon/lat: -115.8466, 34.5842
Alt: 3.569 km
Vel: 0.001 km/s</description>
      <styleUrl>#sh_shaded_dot_0</styleUrl>
      <Point>
         <extrude>1</extrude>
         <altitudeMode>absolute</altitudeMode>
         <coordinates>
            -115.846630,34.584156,3568.999
         </coordinates>
      </Point>
   </Placemark>
   <Placemark>
      <name> </name>
      <description>898.0 sec (00:15:58.000)
Lon/lat: -115.8464, 34.5842
Alt: 3.574 km
Vel: 0.001 km/s</description>
      <styleUrl>#sh_shaded_dot_0</styleUrl>
      <Point>
         <extrude>1</extrude>
         <altitudeMode>absolute</altitudeMode>
         <coordinates>
            -115.846446,34.584186,3574.212
         </coordinates>
      </Point>
   </Placemark>
   <Placemark>
      <name> </name>
      <description>900.0 sec (00:15:0.000)
Lon/lat: -115.8462, 34.5842
Alt: 3.580 km
Vel: 0.001 km/s</description>
      <styleUrl>#sh_shaded_dot_0</styleUrl>
      <Point>
         <extrude>1</extrude>
         <altitudeMode>absolute</altitudeMode>
         <coordinates>
            -115.846208,34.584231,3580.121
         </coordinates>
      </Point>
   </Placemark>
   <Placemark>
      <name> </name>
      <description>902.0 sec (00:15:2.000)
Lon/lat: -115.8460, 34.5843
Alt: 3.585 km
Vel: 0.001 km/s</description>
      <styleUrl>#sh_shaded_dot_0</styleUrl>
      <Point>
         <extrude>1</extrude>
         <altitudeMode>absolute</altitudeMode>
         <coordinates>
            -115.846024,34.584263,3584.593
         </coordinates>
      </Point>
   </Placemark>
   <Placemark>
      <name> </name>
      <description>904.0 sec (00:15:4.000)
Lon/lat: -115.8459, 34.5843
Alt: 3.588 km
Vel: 0.001 km/s</description>
      <styleUrl>#sh_shaded_dot_0</styleUrl>
      <Point>
         <extrude>1</extrude>
         <altitudeMode>absolute</altitudeMode>
         <coordinates>
            -115.845859,34.584294,3588.498
         </coordinates>
      </Point>
   </Placemark>
   <Placemark>
      <name> </name>
      <description>906.0 sec (00:15:6.000)
Lon/lat: -115.8457, 34.5843
Alt: 3.593 km
Vel: 0.001 km/s</description>
      <styleUrl>#sh_shaded_dot_0</styleUrl>
      <Point>
         <extrude>1</extrude>
         <altitudeMode>absolute</altitudeMode>
         <coordinates>
            -115.845705,34.584317,3593.284
         </coordinates>
      </Point>
   </Placemark>
   <Placemark>
      <name> </name>
      <description>908.0 sec (00:15:8.000)
Lon/lat: -115.8455, 34.5844
Alt: 3.599 km
Vel: 0.001 km/s</description>
      <styleUrl>#sh_shaded_dot_0</styleUrl>
      <Point>
         <extrude>1</extrude>
         <altitudeMode>absolute</altitudeMode>
         <coordinates>
            -115.845508,34.584350,3598.735
         </coordinates>
      </Point>
   </Placemark>
   <Placemark>
      <name> </name>
      <description>910.0 sec (00:15:10.000)
Lon/lat: -115.8453, 34.5844
Alt: 3.603 km
Vel: 0.001 km/s</description>
      <styleUrl>#sh_shaded_dot_0</styleUrl>
      <Point>
         <extrude>1</extrude>
         <altitudeMode>absolute</altitudeMode>
         <coordinates>
            -115.845276,34.584394,3602.530
         </coordinates>
      </Point>
   </Placemark>
   <Placemark>
      <name> </name>
      <description>912.0 sec (00:15:12.000)
Lon/lat: -115.8451, 34.5844
Alt: 3.608 km
Vel: 0.001 km/s</description>
      <styleUrl>#sh_shaded_dot_0</styleUrl>
      <Point>
         <extrude>1</extrude>
         <altitudeMode>absolute</altitudeMode>
         <coordinates>
            -115.845093,34.584425,3607.925
         </coordinates>
      </Point>
   </Placemark>
   <Placemark>
      <name> </name>
      <description>914.0 sec (00:15:14.000)
Lon/lat: -115.8449, 34.5845
Alt: 3.613 km
Vel: 0.001 km/s</description>
      <styleUrl>#sh_shaded_dot_0</styleUrl>
      <Point>
         <extrude>1</extrude>
         <altitudeMode>absolute</altitudeMode>
         <coordinates>
            -115.844934,34.584455,3612.982
         </coordinates>
      </Point>
   </Placemark>
   <Placemark>
      <name> </name>
      <description>916.0 sec (00:15:16.000)
Lon/lat: -115.8447, 34.5845
Alt: 3.618 km
Vel: 0.001 km/s</description>
      <styleUrl>#sh_shaded_dot_0</styleUrl>
      <Point>
         <extrude>1</extrude>
         <altitudeMode>absolute</altitudeMode>
         <coordinates>
            -115.844738,34.584492,3618.352
         </coordinates>
      </Point>
   </Placemark>
   <Placemark>
      <name> </name>
      <description>918.0 sec (00:15:18.000)
Lon/lat: -115.8445, 34.5845
Alt: 3.623 km
Vel: 0.001 km/s</description>
      <styleUrl>#sh_shaded_dot_0</styleUrl>
      <Point>
         <extrude>1</extrude>
         <altitudeMode>absolute</altitudeMode>
         <coordinates>
            -115.844548,34.584528,3623.488
         </coordinates>
      </Point>
   </Placemark>
   <Placemark>
      <name> </name>
      <description>920.0 sec (00:15:20.000)
Lon/lat: -115.8443, 34.5846
Alt: 3.629 km
Vel: 0.001 km/s</description>
      <styleUrl>#sh_shaded_dot_0</styleUrl>
      <Point>
         <extrude>1</extrude>
         <altitudeMode>absolute</altitudeMode>
         <coordinates>
            -115.844344,34.584563,3628.590
         </coordinates>
      </Point>
   </Placemark>
   <Placemark>
      <name> </name>
      <description>922.0 sec (00:15:22.000)
Lon/lat: -115.8442, 34.5846
Alt: 3.633 km
Vel: 0.001 km/s</description>
      <styleUrl>#sh_shaded_dot_0</styleUrl>
      <Point>
         <extrude>1</extrude>
         <altitudeMode>absolute</altitudeMode>
         <coordinates>
            -115.844169,34.584602,3633.458
         </coordinates>
      </Point>
   </Placemark>
   <Placemark>
      <name> </name>
      <description>924.0 sec (00:15:24.000)
Lon/lat: -115.8440, 34.5846
Alt: 3.639 km
Vel: 0.001 km/s</description>
      <styleUrl>#sh_shaded_dot_0</styleUrl>
      <Point>
         <extrude>1</extrude>
         <altitudeMode>absolute</altitudeMode>
         <coordinates>
            -115.843987,34.584636,3639.471
         </coordinates>
      </Point>
   </Placemark>
   <Placemark>
      <name> </name>
      <description>926.0 sec (00:15:26.000)
Lon/lat: -115.8438, 34.5847
Alt: 3.643 km
Vel: 0.001 km/s</description>
      <styleUrl>#sh_shaded_dot_0</styleUrl>
      <Point>
         <extrude>1</extrude>
         <altitudeMode>absolute</altitudeMode>
         <coordinates>
            -115.843797,34.584663,3642.936
         </coordinates>
      </Point>
   </Placemark>
   <Placemark>
      <name> </name>
      <description>928.0 sec (00:15:28.000)
Lon/lat: -115.8436, 34.5847
Alt: 3.647 km
Vel: 0.001 km/s</description>
      <styleUrl>#sh_shaded_dot_0</styleUrl>
      <Point>
         <extrude>1</extrude>
         <altitudeMode>absolute</altitudeMode>
         <coordinates>
            -115.843608,34.584693,3647.429
         </coordinates>
      </Point>
   </Placemark>
   <Placemark>
      <name> </name>
      <description>930.0 sec (00:16:30.000)
Lon/lat: -115.8434, 34.5847
Alt: 3.652 km
Vel: 0.001 km/s</description>
      <styleUrl>#sh_shaded_dot_0</styleUrl>
      <Point>
         <extrude>1</extrude>
         <altitudeMode>absolute</altitudeMode>
         <coordinates>
            -115.843430,34.584728,3651.651
         </coordinates>
      </Point>
   </Placemark>
   <Placemark>
      <name> </name>
      <description>932.0 sec (00:16:32.000)
Lon/lat: -115.8432, 34.5848
Alt: 3.657 km
Vel: 0.001 km/s</description>
      <styleUrl>#sh_shaded_dot_0</styleUrl>
      <Point>
         <extrude>1</extrude>
         <altitudeMode>absolute</altitudeMode>
         <coordinates>
            -115.843218,34.584758,3657.140
         </coordinates>
      </Point>
   </Placemark>
   <Placemark>
      <name> </name>
      <description>934.0 sec (00:16:34.000)
Lon/lat: -115.8430, 34.5848
Alt: 3.661 km
Vel: 0.001 km/s</description>
      <styleUrl>#sh_shaded_dot_0</styleUrl>
      <Point>
         <extrude>1</extrude>
         <altitudeMode>absolute</altitudeMode>
         <coordinates>
            -115.843036,34.584796,3661.335
         </coordinates>
      </Point>
   </Placemark>
   <Placemark>
      <name> </name>
      <description>936.0 sec (00:16:36.000)
Lon/lat: -115.8429, 34.5848
Alt: 3.666 km
Vel: 0.001 km/s</description>
      <styleUrl>#sh_shaded_dot_0</styleUrl>
      <Point>
         <extrude>1</extrude>
         <altitudeMode>absolute</altitudeMode>
         <coordinates>
            -115.842852,34.584828,3665.736
         </coordinates>
      </Point>
   </Placemark>
   <Placemark>
      <name> </name>
      <description>938.0 sec (00:16:38.000)
Lon/lat: -115.8427, 34.5849
Alt: 3.671 km
Vel: 0.001 km/s</description>
      <styleUrl>#sh_shaded_dot_0</styleUrl>
      <Point>
         <extrude>1</extrude>
         <altitudeMode>absolute</altitudeMode>
         <coordinates>
            -115.842665,34.584854,3670.550
         </coordinates>
      </Point>
   </Placemark>
   <Placemark>
      <name> </name>
      <description>940.0 sec (00:16:40.000)
Lon/lat: -115.8424, 34.5849
Alt: 3.674 km
Vel: 0.001 km/s</description>
      <styleUrl>#sh_shaded_dot_0</styleUrl>
      <Point>
         <extrude>1</extrude>
         <altitudeMode>absolute</altitudeMode>
         <coordinates>
            -115.842446,34.584892,3674.301
         </coordinates>
      </Point>
   </Placemark>
   <Placemark>
      <name> </name>
      <description>942.0 sec (00:16:42.000)
Lon/lat: -115.8423, 34.5849
Alt: 3.680 km
Vel: 0.001 km/s</description>
      <styleUrl>#sh_shaded_dot_0</styleUrl>
      <Point>
         <extrude>1</extrude>
         <altitudeMode>absolute</altitudeMode>
         <coordinates>
            -115.842256,34.584923,3680.379
         </coordinates>
      </Point>
   </Placemark>
   <Placemark>
      <name> </name>
      <description>944.0 sec (00:16:44.000)
Lon/lat: -115.8421, 34.5849
Alt: 3.683 km
Vel: 0.001 km/s</description>
      <styleUrl>#sh_shaded_dot_0</styleUrl>
      <Point>
         <extrude>1</extrude>
         <altitudeMode>absolute</altitudeMode>
         <coordinates>
            -115.842075,34.584946,3683.339
         </coordinates>
      </Point>
   </Placemark>
   <Placemark>
      <name> </name>
      <description>946.0 sec (00:16:46.000)
Lon/lat: -115.8419, 34.5850
Alt: 3.688 km
Vel: 0.001 km/s</description>
      <styleUrl>#sh_shaded_dot_0</styleUrl>
      <Point>
         <extrude>1</extrude>
         <altitudeMode>absolute</altitudeMode>
         <coordinates>
            -115.841895,34.584991,3687.808
         </coordinates>
      </Point>
   </Placemark>
   <Placemark>
      <name> </name>
      <description>948.0 sec (00:16:48.000)
Lon/lat: -115.8417, 34.5850
Alt: 3.694 km
Vel: 0.001 km/s</description>
      <styleUrl>#sh_shaded_dot_0</styleUrl>
      <Point>
         <extrude>1</extrude>
         <altitudeMode>absolute</altitudeMode>
         <coordinates>
            -115.841692,34.585026,3693.703
         </coordinates>
      </Point>
   </Placemark>
   <Placemark>
      <name> </name>
      <description>950.0 sec (00:16:50.000)
Lon/lat: -115.8415, 34.5851
Alt: 3.699 km
Vel: 0.001 km/s</description>
      <styleUrl>#sh_shaded_dot_0</styleUrl>
      <Point>
         <extrude>1</extrude>
         <altitudeMode>absolute</altitudeMode>
         <coordinates>
            -115.841508,34.585060,3699.262
         </coordinates>
      </Point>
   </Placemark>
   <Placemark>
      <name> </name>
      <description>952.0 sec (00:16:52.000)
Lon/lat: -115.8413, 34.5851
Alt: 3.704 km
Vel: 0.001 km/s</description>
      <styleUrl>#sh_shaded_dot_0</styleUrl>
      <Point>
         <extrude>1</extrude>
         <altitudeMode>absolute</altitudeMode>
         <coordinates>
            -115.841309,34.585105,3704.381
         </coordinates>
      </Point>
   </Placemark>
   <Placemark>
      <name> </name>
      <description>954.0 sec (00:16:54.000)
Lon/lat: -115.8411, 34.5851
Alt: 3.710 km
Vel: 0.001 km/s</description>
      <styleUrl>#sh_shaded_dot_0</styleUrl>
      <Point>
         <extrude>1</extrude>
         <altitudeMode>absolute</altitudeMode>
         <coordinates>
            -115.841112,34.585136,3709.851
         </coordinates>
      </Point>
   </Placemark>
   <Placemark>
      <name> </name>
      <description>956.0 sec (00:16:56.000)
Lon/lat: -115.8409, 34.5852
Alt: 3.714 km
Vel: 0.001 km/s</description>
      <styleUrl>#sh_shaded_dot_0</styleUrl>
      <Point>
         <extrude>1</extrude>
         <altitudeMode>absolute</altitudeMode>
         <coordinates>
            -115.840927,34.585162,3714.083
         </coordinates>
      </Point>
   </Placemark>
   <Placemark>
      <name> </name>
      <description>958.0 sec (00:16:58.000)
Lon/lat: -115.8408, 34.5852
Alt: 3.719 km
Vel: 0.001 km/s</description>
      <styleUrl>#sh_shaded_dot_0</styleUrl>
      <Point>
         <extrude>1</extrude>
         <altitudeMode>absolute</altitudeMode>
         <coordinates>
            -115.840762,34.585195,3719.145
         </coordinates>
      </Point>
   </Placemark>
   <Placemark>
      <name> </name>
      <description>960.0 sec (00:16:0.000)
Lon/lat: -115.8406, 34.5852
Alt: 3.723 km
Vel: 0.001 km/s</description>
      <styleUrl>#sh_shaded_dot_0</styleUrl>
      <Point>
         <extrude>1</extrude>
         <altitudeMode>absolute</altitudeMode>
         <coordinates>
            -115.840578,34.585236,3723.088
         </coordinates>
      </Point>
   </Placemark>
   <Placemark>
      <name> </name>
      <description>962.0 sec (00:16:2.000)
Lon/lat: -115.8404, 34.5853
Alt: 3.729 km
Vel: 0.001 km/s</description>
      <styleUrl>#sh_shaded_dot_0</styleUrl>
      <Point>
         <extrude>1</extrude>
         <altitudeMode>absolute</altitudeMode>
         <coordinates>
            -115.840378,34.585262,3728.538
         </coordinates>
      </Point>
   </Placemark>
   <Placemark>
      <name> </name>
      <description>964.0 sec (00:16:4.000)
Lon/lat: -115.8402, 34.5853
Alt: 3.732 km
Vel: 0.001 km/s</description>
      <styleUrl>#sh_shaded_dot_0</styleUrl>
      <Point>
         <extrude>1</extrude>
         <altitudeMode>absolute</altitudeMode>
         <coordinates>
            -115.840201,34.585289,3731.640
         </coordinates>
      </Point>
   </Placemark>
   <Placemark>
      <name> </name>
      <description>966.0 sec (00:16:6.000)
Lon/lat: -115.8400, 34.5853
Alt: 3.737 km
Vel: 0.001 km/s</description>
      <styleUrl>#sh_shaded_dot_0</styleUrl>
      <Point>
         <extrude>1</extrude>
         <altitudeMode>absolute</altitudeMode>
         <coordinates>
            -115.840008,34.585328,3737.235
         </coordinates>
      </Point>
   </Placemark>
   <Placemark>
      <name> </name>
      <description>968.0 sec (00:16:8.000)
Lon/lat: -115.8398, 34.5854
Alt: 3.742 km
Vel: 0.001 km/s</description>
      <styleUrl>#sh_shaded_dot_0</styleUrl>
      <Point>
         <extrude>1</extrude>
         <altitudeMode>absolute</altitudeMode>
         <coordinates>
            -115.839795,34.585369,3741.522
         </coordinates>
      </Point>
   </Placemark>
   <Placemark>
      <name> </name>
      <description>970.0 sec (00:16:10.000)
Lon/lat: -115.8396, 34.5854
Alt: 3.747 km
Vel: 0.001 km/s</description>
      <styleUrl>#sh_shaded_dot_0</styleUrl>
      <Point>
         <extrude>1</extrude>
         <altitudeMode>absolute</altitudeMode>
         <coordinates>
            -115.839611,34.585400,3746.567
         </coordinates>
      </Point>
   </Placemark>
   <Placemark>
      <name> </name>
      <description>972.0 sec (00:16:12.000)
Lon/lat: -115.8394, 34.5854
Alt: 3.752 km
Vel: 0.001 km/s</description>
      <styleUrl>#sh_shaded_dot_0</styleUrl>
      <Point>
         <extrude>1</extrude>
         <altitudeMode>absolute</altitudeMode>
         <coordinates>
            -115.839425,34.585427,3752.224
         </coordinates>
      </Point>
   </Placemark>
   <Placemark>
      <name> </name>
      <description>974.0 sec (00:16:14.000)
Lon/lat: -115.8392, 34.5855
Alt: 3.759 km
Vel: 0.001 km/s</description>
      <styleUrl>#sh_shaded_dot_0</styleUrl>
      <Point>
         <extrude>1</extrude>
         <altitudeMode>absolute</altitudeMode>
         <coordinates>
            -115.839240,34.585454,3759.010
         </coordinates>
      </Point>
   </Placemark>
   <Placemark>
      <name> </name>
      <description>976.0 sec (00:16:16.000)
Lon/lat: -115.8391, 34.5855
Alt: 3.764 km
Vel: 0.001 km/s</description>
      <styleUrl>#sh_shaded_dot_0</styleUrl>
      <Point>
         <extrude>1</extrude>
         <altitudeMode>absolute</altitudeMode>
         <coordinates>
            -115.839060,34.585483,3763.805
         </coordinates>
      </Point>
   </Placemark>
   <Placemark>
      <name> </name>
      <description>978.0 sec (00:16:18.000)
Lon/lat: -115.8388, 34.5855
Alt: 3.769 km
Vel: 0.001 km/s</description>
      <styleUrl>#sh_shaded_dot_0</styleUrl>
      <Point>
         <extrude>1</extrude>
         <altitudeMode>absolute</altitudeMode>
         <coordinates>
            -115.838847,34.585521,3769.020
         </coordinates>
      </Point>
   </Placemark>
   <Placemark>
      <name> </name>
      <description>980.0 sec (00:16:20.000)
Lon/lat: -115.8386, 34.5856
Alt: 3.774 km
Vel: 0.001 km/s</description>
      <styleUrl>#sh_shaded_dot_0</styleUrl>
      <Point>
         <extrude>1</extrude>
         <altitudeMode>absolute</altitudeMode>
         <coordinates>
            -115.838626,34.585555,3773.633
         </coordinates>
      </Point>
   </Placemark>
   <Placemark>
      <name> </name>
      <description>982.0 sec (00:16:22.000)
Lon/lat: -115.8384, 34.5856
Alt: 3.778 km
Vel: 0.001 km/s</description>
      <styleUrl>#sh_shaded_dot_0</styleUrl>
      <Point>
         <extrude>1</extrude>
         <altitudeMode>absolute</altitudeMode>
         <coordinates>
            -115.838415,34.585588,3777.502
         </coordinates>
      </Point>
   </Placemark>
   <Placemark>
      <name> </name>
      <description>984.0 sec (00:16:24.000)
Lon/lat: -115.8382, 34.5856
Alt: 3.783 km
Vel: 0.001 km/s</description>
      <styleUrl>#sh_shaded_dot_0</styleUrl>
      <Point>
         <extrude>1</extrude>
         <altitudeMode>absolute</altitudeMode>
         <coordinates>
            -115.838197,34.585625,3782.503
         </coordinates>
      </Point>
   </Placemark>
   <Placemark>
      <name> </name>
      <description>986.0 sec (00:16:26.000)
Lon/lat: -115.8380, 34.5857
Alt: 3.788 km
Vel: 0.001 km/s</description>
      <styleUrl>#sh_shaded_dot_0</styleUrl>
      <Point>
         <extrude>1</extrude>
         <altitudeMode>absolute</altitudeMode>
         <coordinates>
            -115.837982,34.585653,3788.029
         </coordinates>
      </Point>
   </Placemark>
   <Placemark>
      <name> </name>
      <description>988.0 sec (00:16:28.000)
Lon/lat: -115.8378, 34.5857
Alt: 3.793 km
Vel: 0.001 km/s</description>
      <styleUrl>#sh_shaded_dot_0</styleUrl>
      <Point>
         <extrude>1</extrude>
         <altitudeMode>absolute</altitudeMode>
         <coordinates>
            -115.837803,34.585682,3792.642
         </coordinates>
      </Point>
   </Placemark>
   <Placemark>
      <name> </name>
      <description>990.0 sec (00:16:30.000)
Lon/lat: -115.8376, 34.5857
Alt: 3.798 km
Vel: 0.001 km/s</description>
      <styleUrl>#sh_shaded_dot_0</styleUrl>
      <Point>
         <extrude>1</extrude>
         <altitudeMode>absolute</altitudeMode>
         <coordinates>
            -115.837577,34.585705,3797.841
         </coordinates>
      </Point>
   </Placemark>
   <Placemark>
      <name> </name>
      <description>992.0 sec (00:17:32.000)
Lon/lat: -115.8374, 34.5857
Alt: 3.803 km
Vel: 0.001 km/s</description>
      <styleUrl>#sh_shaded_dot_0</styleUrl>
      <Point>
         <extrude>1</extrude>
         <altitudeMode>absolute</altitudeMode>
         <coordinates>
            -115.837363,34.585738,3803.411
         </coordinates>
      </Point>
   </Placemark>
   <Placemark>
      <name> </name>
      <description>994.0 sec (00:17:34.000)
Lon/lat: -115.8371, 34.5858
Alt: 3.807 km
Vel: 0.001 km/s</description>
      <styleUrl>#sh_shaded_dot_0</styleUrl>
      <Point>
         <extrude>1</extrude>
         <altitudeMode>absolute</altitudeMode>
         <coordinates>
            -115.837147,34.585763,3806.776
         </coordinates>
      </Point>
   </Placemark>
   <Placemark>
      <name> </name>
      <description>996.0 sec (00:17:36.000)
Lon/lat: -115.8370, 34.5858
Alt: 3.812 km
Vel: 0.001 km/s</description>
      <styleUrl>#sh_shaded_dot_0</styleUrl>
      <Point>
         <extrude>1</extrude>
         <altitudeMode>absolute</altitudeMode>
         <coordinates>
            -115.836954,34.585795,3811.620
         </coordinates>
      </Point>
   </Placemark>
   <Placemark>
      <name> </name>
      <description>998.0 sec (00:17:38.000)
Lon/lat: -115.8367, 34.5858
Alt: 3.818 km
Vel: 0.001 km/s</description>
      <styleUrl>#sh_shaded_dot_0</styleUrl>
      <Point>
         <extrude>1</extrude>
         <altitudeMode>absolute</altitudeMode>
         <coordinates>
            -115.836734,34.585831,3817.553
         </coordinates>
      </Point>
   </Placemark>
   <Placemark>
      <name> </name>
      <description>1000.0 sec (00:17:40.000)
Lon/lat: -115.8360, 34.5859
Alt: 3.824 km
Vel: 0.001 km/s</description>
      <styleUrl>#sh_shaded_dot_0</styleUrl>
      <Point>
         <extrude>1</extrude>
         <altitudeMode>absolute</altitudeMode>
         <coordinates>
            -115.836000,34.585863,3823.915
         </coordinates>
      </Point>
   </Placemark>
   <Placemark>
      <name> </name>
      <description>1002.0 sec (00:17:42.000)
Lon/lat: -115.8360, 34.5859
Alt: 3.827 km
Vel: 0.001 km/s</description>
      <styleUrl>#sh_shaded_dot_0</styleUrl>
      <Point>
         <extrude>1</extrude>
         <altitudeMode>absolute</altitudeMode>
         <coordinates>
            -115.836000,34.585900,3827.171
         </coordinates>
      </Point>
   </Placemark>
   <Placemark>
      <name> </name>
      <description>1004.0 sec (00:17:44.000)
Lon/lat: -115.8360, 34.5859
Alt: 3.833 km
Vel: 0.001 km/s</description>
      <styleUrl>#sh_shaded_dot_0</styleUrl>
      <Point>
         <extrude>1</extrude>
         <altitudeMode>absolute</altitudeMode>
         <coordinates>
            -115.836000,34.585938,3833.479
         </coordinates>
      </Point>
   </Placemark>
   <Placemark>
      <name> </name>
      <description>1006.0 sec (00:17:46.000)
Lon/lat: -115.8360, 34.5860
Alt: 3.839 km
Vel: 0.001 km/s</description>
      <styleUrl>#sh_shaded_dot_0</styleUrl>
      <Point>
         <extrude>1</extrude>
         <altitudeMode>absolute</altitudeMode>
         <coordinates>
            -115.836000,34.585968,3839.340
         </coordinates>
      </Point>
   </Placemark>
   <Placemark>
      <name> </name>
      <description>1008.0 sec (00:17:48.000)
Lon/lat: -115.8360, 34.5860
Alt: 3.844 km
Vel: 0.001 km/s</description>
      <styleUrl>#sh_shaded_dot_0</styleUrl>
      <Point>
         <extrude>1</extrude>
         <altitudeMode>absolute</altitudeMode>
         <coordinates>
            -115.836000,34.586011,3844.137
         </coordinates>
      </Point>
   </Placemark>
   <Placemark>
      <name> </name>
      <description>1010.0 sec (00:17:50.000)
Lon/lat: -115.8350, 34.5860
Alt: 3.850 km
Vel: 0.001 km/s</description>
      <styleUrl>#sh_shaded_dot_0</styleUrl>
      <Point>
         <extrude>1</extrude>
         <altitudeMode>absolute</altitudeMode>
         <coordinates>
            -115.835000,34.586048,3849.969
         </coordinates>
      </Point>
   </Placemark>
   <Placemark>
      <name> </name>
      <description>1012.0 sec (00:17:52.000)
Lon/lat: -115.8350, 34.5861
Alt: 3.856 km
Vel: 0.001 km/s</description>
      <styleUrl>#sh_shaded_dot_0</styleUrl>
      <Point>
         <extrude>1</extrude>
         <altitudeMode>absolute</altitudeMode>
         <coordinates>
            -115.835000,34.586071,3855.791
         </coordinates>
      </Point>
   </Placemark>
   <Placemark>
      <name> </name>
      <description>1014.0 sec (00:17:54.000)
Lon/lat: -115.8350, 34.5861
Alt: 3.858 km
Vel: 0.001 km/s</description>
      <styleUrl>#sh_shaded_dot_0</styleUrl>
      <Point>
         <extrude>1</extrude>
         <altitudeMode>absolute</altitudeMode>
         <coordinates>
            -115.835000,34.586094,3858.039
         </coordinates>
      </Point>
   </Placemark>
   <Placemark>
      <name> </name>
      <description>1016.0 sec (00:17:56.000)
Lon/lat: -115.8350, 34.5861
Alt: 3.863 km
Vel: 0.001 km/s</description>
      <styleUrl>#sh_shaded_dot_0</styleUrl>
      <Point>
         <extrude>1</extrude>
         <altitudeMode>absolute</altitudeMode>
         <coordinates>
            -115.835000,34.586127,3863.311
         </coordinates>
      </Point>
   </Placemark>
   <Placemark>
      <name> </name>
      <description>1018.0 sec (00:17:58.000)
Lon/lat: -115.8350, 34.5862
Alt: 3.869 km
Vel: 0.001 km/s</description>
      <styleUrl>#sh_shaded_dot_0</styleUrl>
      <Point>
         <extrude>1</extrude>
         <altitudeMode>absolute</altitudeMode>
         <coordinates>
            -115.835000,34.586158,3868.800
         </coordinates>
      </Point>
   </Placemark>
   <Placemark>
      <name> </name>
      <description>1020.0 sec (00:17:0.000)
Lon/lat: -115.8340, 34.5862
Alt: 3.875 km
Vel: 0.001 km/s</description>
      <styleUrl>#sh_shaded_dot_0</styleUrl>
      <Point>
         <extrude>1</extrude>
         <altitudeMode>absolute</altitudeMode>
         <coordinates>
            -115.834000,34.586202,3874.987
         </coordinates>
      </Point>
   </Placemark>
   <Placemark>
      <name> </name>
      <description>1022.0 sec (00:17:2.000)
Lon/lat: -115.8340, 34.5862
Alt: 3.878 km
Vel: 0.001 km/s</description>
      <styleUrl>#sh_shaded_dot_0</styleUrl>
      <Point>
         <extrude>1</extrude>
         <altitudeMode>absolute</altitudeMode>
         <coordinates>
            -115.834000,34.586236,3878.073
         </coordinates>
      </Point>
   </Placemark>
   <Placemark>
      <name> </name>
      <description>1024.0 sec (00:17:4.000)
Lon/lat: -115.8340, 34.5863
Alt: 3.884 km
Vel: 0.001 km/s</description>
      <styleUrl>#sh_shaded_dot_0</styleUrl>
      <Point>
         <extrude>1</extrude>
         <altitudeMode>absolute</altitudeMode>
         <coordinates>
            -115.834000,34.586268,3884.399
         </coordinates>
      </Point>
   </Placemark>
   <Placemark>
      <name> </name>
      <description>1026.0 sec (00:17:6.000)
Lon/lat: -115.8340, 34.5863
Alt: 3.890 km
Vel: 0.001 km/s</description>
      <styleUrl>#sh_shaded_dot_0</styleUrl>
      <Point>
         <extrude>1</extrude>
         <altitudeMode>absolute</altitudeMode>
         <coordinates>
            -115.834000,34.586300,3889.989
         </coordinates>
      </Point>
   </Placemark>
   <Placemark>
      <name> </name>
      <description>1028.0 sec (00:17:8.000)
Lon/lat: -115.8330, 34.5863
Alt: 3.895 km
Vel: 0.001 km/s</description>
      <styleUrl>#sh_shaded_dot_0</styleUrl>
      <Point>
         <extrude>1</extrude>
         <altitudeMode>absolute</altitudeMode>
         <coordinates>
            -115.833000,34.586326,3894.581
         </coordinates>
      </Point>
   </Placemark>
   <Placemark>
      <name> </name>
      <description>1030.0 sec (00:17:10.000)
Lon/lat: -115.8330, 34.5864
Alt: 3.900 km
Vel: 0.001 km/s</description>
      <styleUrl>#sh_shaded_dot_0</styleUrl>
      <Point>
         <extrude>1</extrude>
         <altitudeMode>absolute</altitudeMode>
         <coordinates>
            -115.833000,34.586357,3899.853
         </coordinates>
      </Point>
   </Placemark>
   <Placemark>
      <name> </name>
      <description>1032.0 sec (00:17:12.000)
Lon/lat: -115.8330, 34.5864
Alt: 3.905 km
Vel: 0.001 km/s</description>
      <styleUrl>#sh_shaded_dot_0</styleUrl>
      <Point>
         <extrude>1</extrude>
         <altitudeMode>absolute</altitudeMode>
         <coordinates>
            -115.833000,34.586400,3905.408
         </coordinates>
      </Point>
   </Placemark>
   <Placemark>
      <name> </name>
      <description>1034.0 sec (00:17:14.000)
Lon/lat: -115.8330, 34.5864
Alt: 3.909 km
Vel: 0.001 km/s</description>
      <styleUrl>#sh_shaded_dot_0</styleUrl>
      <Point>
         <extrude>1</extrude>
         <altitudeMode>absolute</altitudeMode>
         <coordinates>
            -115.833000,34.586431,3908.955
         </coordinates>
      </Point>
   </Placemark>
   <Placemark>
      <name> </name>
      <description>1036.0 sec (00:17:16.000)
Lon/lat: -115.8330, 34.5865
Alt: 3.913 km
Vel: 0.001 km/s</description>
      <styleUrl>#sh_shaded_dot_0</styleUrl>
      <Point>
         <extrude>1</extrude>
         <altitudeMode>absolute</altitudeMode>
         <coordinates>
            -115.833000,34.586460,3912.787
         </coordinates>
      </Point>
   </Placemark>
   <Placemark>
      <name> </name>
      <description>1038.0 sec (00:17:18.000)
Lon/lat: -115.8320, 34.5865
Alt: 3.916 km
Vel: 0.001 km/s</description>
      <styleUrl>#sh_shaded_dot_0</styleUrl>
      <Point>
         <extrude>1</extrude>
         <altitudeMode>absolute</altitudeMode>
         <coordinates>
            -115.832000,34.586498,3916.199
         </coordinates>
      </Point>
   </Placemark>
   <Placemark>
      <name> </name>
      <description>1040.0 sec (00:17:20.000)
Lon/lat: -115.8320, 34.5865
Alt: 3.925 km
Vel: 0.001 km/s</description>
      <styleUrl>#sh_shaded_dot_0</styleUrl>
      <Point>
         <extrude>1</extrude>
         <altitudeMode>absolute</altitudeMode>
         <coordinates>
            -115.832000,34.586522,3924.567
         </coordinates>
      </Point>
   </Placemark>
   <Placemark>
      <name> </name>
      <description>1042.0 sec (00:17:22.000)
Lon/lat: -115.8320, 34.5866
Alt: 3.928 km
Vel: 0.001 km/s</description>
      <styleUrl>#sh_shaded_dot_0</styleUrl>
      <Point>
         <extrude>1</extrude>
         <altitudeMode>absolute</altitudeMode>
         <coordinates>
            -115.832000,34.586564,3928.396
         </coordinates>
      </Point>
   </Placemark>
   <Placemark>
      <name> </name>
      <description>1044.0 sec (00:17:24.000)
Lon/lat: -115.8320, 34.5866
Alt: 3.936 km
Vel: 0.001 km/s</description>
      <styleUrl>#sh_shaded_dot_0</styleUrl>
      <Point>
         <extrude>1</extrude>
         <altitudeMode>absolute</altitudeMode>
         <coordinates>
            -115.832000,34.586602,3935.590
         </coordinates>
      </Point>
   </Placemark>
   <Placemark>
      <name> </name>
      <description>1046.0 sec (00:17:26.000)
Lon/lat: -115.8310, 34.5866
Alt: 3.941 km
Vel: 0.001 km/s</description>
      <styleUrl>#sh_shaded_dot_0</styleUrl>
      <Point>
         <extrude>1</extrude>
         <altitudeMode>absolute</altitudeMode>
         <coordinates>
            -115.831000,34.586642,3940.944
         </coordinates>
      </Point>
   </Placemark>
   <Placemark>
      <name> </name>
      <description>1048.0 sec (00:17:28.000)
Lon/lat: -115.8310, 34.5867
Alt: 3.944 km
Vel: 0.001 km/s</description>
      <styleUrl>#sh_shaded_dot_0</styleUrl>
      <Point>
         <extrude>1</extrude>
         <altitudeMode>absolute</altitudeMode>
         <coordinates>
            -115.831000,34.586675,3943.885
         </coordinates>
      </Point>
   </Placemark>
   <Placemark>
      <name> </name>
      <description>1050.0 sec (00:18:30.000)
Lon/lat: -115.8310, 34.5867
Alt: 3.950 km
Vel: 0.001 km/s</description>
      <styleUrl>#sh_shaded_dot_0</styleUrl>
      <Point>
         <extrude>1</extrude>
         <altitudeMode>absolute</altitudeMode>
         <coordinates>
            -115.831000,34.586706,3950.107
         </coordinates>
      </Point>
   </Placemark>
   <Placemark>
      <name> </name>
      <description>1052.0 sec (00:18:32.000)
Lon/lat: -115.8310, 34.5867
Alt: 3.954 km
Vel: 0.001 km/s</description>
      <styleUrl>#sh_shaded_dot_0</styleUrl>
      <Point>
         <extrude>1</extrude>
         <altitudeMode>absolute</altitudeMode>
         <coordinates>
            -115.831000,34.586736,3954.008
         </coordinates>
      </Point>
   </Placemark>
   <Placemark>
      <name> </name>
      <description>1054.0 sec (00:18:34.000)
Lon/lat: -115.8310, 34.5868
Alt: 3.959 km
Vel: 0.001 km/s</description>
      <styleUrl>#sh_shaded_dot_0</styleUrl>
      <Point>
         <extrude>1</extrude>
         <altitudeMode>absolute</altitudeMode>
         <coordinates>
            -115.831000,34.586772,3959.486
         </coordinates>
      </Point>
   </Placemark>
   <Placemark>
      <name> </name>
      <description>1056.0 sec (00:18:36.000)
Lon/lat: -115.8300, 34.5868
Alt: 3.965 km
Vel: 0.001 km/s</description>
      <styleUrl>#sh_shaded_dot_0</styleUrl>
      <Point>
         <extrude>1</extrude>
         <altitudeMode>absolute</altitudeMode>
         <coordinates>
            -115.830000,34.586807,3965.130
         </coordinates>
      </Point>
   </Placemark>
   <Placemark>
      <name> </name>
      <description>1058.0 sec (00:18:38.000)
Lon/lat: -115.8300, 34.5869
Alt: 3.968 km
Vel: 0.001 km/s</description>
      <styleUrl>#sh_shaded_dot_0</styleUrl>
      <Point>
         <extrude>1</extrude>
         <altitudeMode>absolute</altitudeMode>
         <coordinates>
            -115.830000,34.586853,3968.056
         </coordinates>
      </Point>
   </Placemark>
   <Placemark>
      <name> </name>
      <description>1060.0 sec (00:18:40.000)
Lon/lat: -115.8300, 34.5869
Alt: 3.973 km
Vel: 0.001 km/s</description>
      <styleUrl>#sh_shaded_dot_0</styleUrl>
      <Point>
         <extrude>1</extrude>
         <altitudeMode>absolute</altitudeMode>
         <coordinates>
            -115.830000,34.586880,3973.256
         </coordinates>
      </Point>
   </Placemark>
   <Placemark>
      <name> </name>
      <description>1062.0 sec (00:18:42.000)
Lon/lat: -115.8300, 34.5869
Alt: 3.978 km
Vel: 0.001 km/s</description>
      <styleUrl>#sh_shaded_dot_0</styleUrl>
      <Point>
         <extrude>1</extrude>
         <altitudeMode>absolute</altitudeMode>
         <coordinates>
            -115.830000,34.586909,3978.052
         </coordinates>
      </Point>
   </Placemark>
   <Placemark>
      <name> </name>
      <description>1064.0 sec (00:18:44.000)
Lon/lat: -115.8290, 34.5869
Alt: 3.983 km
Vel: 0.001 km/s</description>
      <styleUrl>#sh_shaded_dot_0</styleUrl>
      <Point>
         <extrude>1</extrude>
         <altitudeMode>absolute</altitudeMode>
         <coordinates>
            -115.829000,34.586927,3983.457
         </coordinates>
      </Point>
   </Placemark>
   <Placemark>
      <name> </name>
      <description>1066.0 sec (00:18:46.000)
Lon/lat: -115.8290, 34.5870
Alt: 3.989 km
Vel: 0.001 km/s</description>
      <styleUrl>#sh_shaded_dot_0</styleUrl>
      <Point>
         <extrude>1</extrude>
         <altitudeMode>absolute</altitudeMode>
         <coordinates>
            -115.829000,34.586960,3989.145
         </coordinates>
      </Point>
   </Placemark>
   <Placemark>
      <name> </name>
      <description>1068.0 sec (00:18:48.000)
Lon/lat: -115.8290, 34.5870
Alt: 3.995 km
Vel: 0.001 km/s</description>
      <styleUrl>#sh_shaded_dot_0</styleUrl>
      <Point>
         <extrude>1</extrude>
         <altitudeMode>absolute</altitudeMode>
         <coordinates>
            -115.829000,34.586985,3994.789
         </coordinates>
      </Point>
   </Placemark>
   <Placemark>
      <name> </name>
      <description>1070.0 sec (00:18:50.000)
Lon/lat: -115.8290, 34.5870
Alt: 4.000 km
Vel: 0.001 km/s</description>
      <styleUrl>#sh_shaded_dot_0</styleUrl>
      <Point>
         <extrude>1</extrude>
         <altitudeMode>absolute</altitudeMode>
         <coordinates>
            -115.829000,34.587014,3999.994
         </coordinates>
      </Point>
   </Placemark>
   <Placemark>
      <name> </name>
      <description>1072.0 sec (00:18:52.000)
Lon/lat: -115.8290, 34.5871
Alt: 4.004 km
Vel: 0.001 km/s</description>
      <styleUrl>#sh_shaded_dot_0</styleUrl>
      <Point>
         <extrude>1</extrude>
         <altitudeMode>absolute</altitudeMode>
         <coordinates>
            -115.829000,34.587051,4004.221
         </coordinates>
      </Point>
   </Placemark>
   <Placemark>
      <name> </name>
      <description>1074.0 sec (00:18:54.000)
Lon/lat: -115.8280, 34.5871
Alt: 4.012 km
Vel: 0.001 km/s</description>
      <styleUrl>#sh_shaded_dot_0</styleUrl>
      <Point>
         <extrude>1</extrude>
         <altitudeMode>absolute</altitudeMode>
         <coordinates>
            -115.828000,34.587083,4012.222
         </coordinates>
      </Point>
   </Placemark>
   <Placemark>
      <name> </name>
      <description>1076.0 sec (00:18:56.000)
Lon/lat: -115.8280, 34.5871
Alt: 4.017 km
Vel: 0.001 km/s</description>
      <styleUrl>#sh_shaded_dot_0</styleUrl>
      <Point>
         <extrude>1</extrude>
         <altitudeMode>absolute</altitudeMode>
         <coordinates>
            -115.828000,34.587111,4016.577
         </coordinates>
      </Point>
   </Placemark>
   <Placemark>
      <name> </name>
      <description>1078.0 sec (00:18:58.000)
Lon/lat: -115.8280, 34.5872
Alt: 4.020 km
Vel: 0.001 km/s</description>
      <styleUrl>#sh_shaded_dot_0</styleUrl>
      <Point>
         <extrude>1</extrude>
         <altitudeMode>absolute</altitudeMode>
         <coordinates>
            -115.828000,34.587151,4020.383
         </coordinates>
      </Point>
   </Placemark>
   <Placemark>
      <name> </name>
      <description>1080.0 sec (00:18:0.000)
Lon/lat: -115.8280, 34.5872
Alt: 4.025 km
Vel: 0.001 km/s</description>
      <styleUrl>#sh_shaded_dot_0</styleUrl>
      <Point>
         <extrude>1</extrude>
         <altitudeMode>absolute</altitudeMode>
         <coordinates>
            -115.828000,34.587184,4025.284
         </coordinates>
      </Point>
   </Placemark>
   <Placemark>
      <name> </name>
      <description>1082.0 sec (00:18:2.000)
Lon/lat: -115.8280, 34.5872
Alt: 4.028 km
Vel: 0.001 km/s</description>
      <styleUrl>#sh_shaded_dot_0</styleUrl>
      <Point>
         <extrude>1</extrude>
         <altitudeMode>absolute</altitudeMode>
         <coordinates>
            -115.828000,34.587216,4028.360
         </coordinates>
      </Point>
   </Placemark>
   <Placemark>
      <name> </name>
      <description>1084.0 sec (00:18:4.000)
Lon/lat: -115.8270, 34.5872
Alt: 4.033 km
Vel: 0.001 km/s</description>
      <styleUrl>#sh_shaded_dot_0</styleUrl>
      <Point>
         <extrude>1</extrude>
         <altitudeMode>absolute</altitudeMode>
         <coordinates>
            -115.827000,34.587237,4032.664
         </coordinates>
      </Point>
   </Placemark>
   <Placemark>
      <name> </name>
      <description>1086.0 sec (00:18:6.000)
Lon/lat: -115.8270, 34.5873
Alt: 4.038 km
Vel: 0.001 km/s</description>
      <styleUrl>#sh_shaded_dot_0</styleUrl>
      <Point>
         <extrude>1</extrude>
         <altitudeMode>absolute</altitudeMode>
         <coordinates>
            -115.827000,34.587258,4037.965
         </coordinates>
      </Point>
   </Placemark>
   <Placemark>
      <name> </name>
      <description>1088.0 sec (00:18:8.000)
Lon/lat: -115.8270, 34.5873
Alt: 4.043 km
Vel: 0.001 km/s</description>
      <styleUrl>#sh_shaded_dot_0</styleUrl>
      <Point>
         <extrude>1</extrude>
         <altitudeMode>absolute</altitudeMode>
         <coordinates>
            -115.827000,34.587289,4043.392
         </coordinates>
      </Point>
   </Placemark>
   <Placemark>
      <name> </name>
      <description>1090.0 sec (00:18:10.000)
Lon/lat: -115.8270, 34.5873
Alt: 4.048 km
Vel: 0.001 km/s</description>
      <styleUrl>#sh_shaded_dot_0</styleUrl>
      <Point>
         <extrude>1</extrude>
         <altitudeMode>absolute</altitudeMode>
         <coordinates>
            -115.827000,34.587324,4048.234
         </coordinates>
      </Point>
   </Placemark>
   <Placemark>
      <name> </name>
      <description>1092.0 sec (00:18:12.000)
Lon/lat: -115.8270, 34.5874
Alt: 4.054 km
Vel: 0.001 km/s</description>
      <styleUrl>#sh_shaded_dot_0</styleUrl>
      <Point>
         <extrude>1</extrude>
         <altitudeMode>absolute</altitudeMode>
         <coordinates>
            -115.827000,34.587360,4054.406
         </coordinates>
      </Point>
   </Placemark>
   <Placemark>
      <name> </name>
      <description>1094.0 sec (00:18:14.000)
Lon/lat: -115.8260, 34.5874
Alt: 4.059 km
Vel: 0.001 km/s</description>
      <styleUrl>#sh_shaded_dot_0</styleUrl>
      <Point>
         <extrude>1</extrude>
         <altitudeMode>absolute</altitudeMode>
         <coordinates>
            -115.826000,34.587402,4059.053
         </coordinates>
      </Point>
   </Placemark>
   <Placemark>
      <name> </name>
      <description>1096.0 sec (00:18:16.000)
Lon/lat: -115.8260, 34.5874
Alt: 4.063 km
Vel: 0.001 km/s</description>
      <styleUrl>#sh_shaded_dot_0</styleUrl>
      <Point>
         <extrude>1</extrude>
         <altitudeMode>absolute</altitudeMode>
         <coordinates>
            -115.826000,34.587430,4062.918
         </coordinates>
      </Point>
   </Placemark>
   <Placemark>
      <name> </name>
      <description>1098.0 sec (00:18:18.000)
Lon/lat: -115.8260, 34.5874
Alt: 4.070 km
Vel: 0.001 km/s</description>
      <styleUrl>#sh_shaded_dot_0</styleUrl>
      <Point>
         <extrude>1</extrude>
         <altitudeMode>absolute</altitudeMode>
         <coordinates>
            -115.826000,34.587446,4069.872
         </coordinates>
      </Point>
   </Placemark>
   <Placemark>
      <name> </name>
      <description>1100.0 sec (00:18:20.000)
Lon/lat: -115.8260, 34.5875
Alt: 4.074 km
Vel: 0.001 km/s</description>
      <styleUrl>#sh_shaded_dot_0</styleUrl>
      <Point>
         <extrude>1</extrude>
         <altitudeMode>absolute</altitudeMode>
         <coordinates>
            -115.826000,34.587485,4074.482
         </coordinates>
      </Point>
   </Placemark>
   <Placemark>
      <name> </name>
      <description>1102.0 sec (00:18:22.000)
Lon/lat: -115.8250, 34.5875
Alt: 4.079 km
Vel: 0.001 km/s</description>
      <styleUrl>#sh_shaded_dot_0</styleUrl>
      <Point>
         <extrude>1</extrude>
         <altitudeMode>absolute</altitudeMode>
         <coordinates>
            -115.825000,34.587533,4079.084
         </coordinates>
      </Point>
   </Placemark>
   <Placemark>
      <name> </name>
      <description>1104.0 sec (00:18:24.000)
Lon/lat: -115.8250, 34.5876
Alt: 4.083 km
Vel: 0.001 km/s</description>
      <styleUrl>#sh_shaded_dot_0</styleUrl>
      <Point>
         <extrude>1</extrude>
         <altitudeMode>absolute</altitudeMode>
         <coordinates>
            -115.825000,34.587550,4083.084
         </coordinates>
      </Point>
   </Placemark>
   <Placemark>
      <name> </name>
      <description>1106.0 sec (00:18:26.000)
Lon/lat: -115.8250, 34.5876
Alt: 4.089 km
Vel: 0.001 km/s</description>
      <styleUrl>#sh_shaded_dot_0</styleUrl>
      <Point>
         <extrude>1</extrude>
         <altitudeMode>absolute</altitudeMode>
         <coordinates>
            -115.825000,34.587582,4088.983
         </coordinates>
      </Point>
   </Placemark>
   <Placemark>
      <name> </name>
      <description>1108.0 sec (00:18:28.000)
Lon/lat: -115.8250, 34.5876
Alt: 4.093 km
Vel: 0.001 km/s</description>
      <styleUrl>#sh_shaded_dot_0</styleUrl>
      <Point>
         <extrude>1</extrude>
         <altitudeMode>absolute</altitudeMode>
         <coordinates>
            -115.825000,34.587611,4092.694
         </coordinates>
      </Point>
   </Placemark>
   <Placemark>
      <name> </name>
      <description>1110.0 sec (00:18:30.000)
Lon/lat: -115.8250, 34.5876
Alt: 4.097 km
Vel: 0.001 km/s</description>
      <styleUrl>#sh_shaded_dot_0</styleUrl>
      <Point>
         <extrude>1</extrude>
         <altitudeMode>absolute</altitudeMode>
         <coordinates>
            -115.825000,34.587621,4097.043
         </coordinates>
      </Point>
   </Placemark>
   <Placemark>
      <name> </name>
      <description>1112.0 sec (00:19:32.000)
Lon/lat: -115.8240, 34.5877
Alt: 4.101 km
Vel: 0.001 km/s</description>
      <styleUrl>#sh_shaded_dot_0</styleUrl>
      <Point>
         <extrude>1</extrude>
         <altitudeMode>absolute</altitudeMode>
         <coordinates>
            -115.824000,34.587660,4100.656
         </coordinates>
      </Point>
   </Placemark>
   <Placemark>
      <name> </name>
      <description>1114.0 sec (00:19:34.000)
Lon/lat: -115.8240, 34.5877
Alt: 4.109 km
Vel: 0.001 km/s</description>
      <styleUrl>#sh_shaded_dot_0</styleUrl>
      <Point>
         <extrude>1</extrude>
         <altitudeMode>absolute</altitudeMode>
         <coordinates>
            -115.824000,34.587722,4109.000
         </coordinates>
      </Point>
   </Placemark>
   <Placemark>
      <name> </name>
      <description>1116.0 sec (00:19:36.000)
Lon/lat: -115.8240, 34.5878
Alt: 4.114 km
Vel: 0.001 km/s</description>
      <styleUrl>#sh_shaded_dot_0</styleUrl>
      <Point>
         <extrude>1</extrude>
         <altitudeMode>absolute</altitudeMode>
         <coordinates>
            -115.824000,34.587763,4114.273
         </coordinates>
      </Point>
   </Placemark>
   <Placemark>
      <name> </name>
      <description>1118.0 sec (00:19:38.000)
Lon/lat: -115.8240, 34.5878
Alt: 4.120 km
Vel: 0.001 km/s</description>
      <styleUrl>#sh_shaded_dot_0</styleUrl>
      <Point>
         <extrude>1</extrude>
         <altitudeMode>absolute</altitudeMode>
         <coordinates>
            -115.824000,34.587794,4119.540
         </coordinates>
      </Point>
   </Placemark>
   <Placemark>
      <name> </name>
      <description>1120.0 sec (00:19:40.000)
Lon/lat: -115.8230, 34.5878
Alt: 4.124 km
Vel: 0.001 km/s</description>
      <styleUrl>#sh_shaded_dot_0</styleUrl>
      <Point>
         <extrude>1</extrude>
         <altitudeMode>absolute</altitudeMode>
         <coordinates>
            -115.823000,34.587827,4123.692
         </coordinates>
      </Point>
   </Placemark>
   <Placemark>
      <name> </name>
      <description>1122.0 sec (00:19:42.000)
Lon/lat: -115.8230, 34.5879
Alt: 4.127 km
Vel: 0.001 km/s</description>
      <styleUrl>#sh_shaded_dot_0</styleUrl>
      <Point>
         <extrude>1</extrude>
         <altitudeMode>absolute</altitudeMode>
         <coordinates>
            -115.823000,34.587862,4127.097
         </coordinates>
      </Point>
   </Placemark>
   <Placemark>
      <name> </name>
      <description>1124.0 sec (00:19:44.000)
Lon/lat: -115.8230, 34.5879
Alt: 4.132 km
Vel: 0.001 km/s</description>
      <styleUrl>#sh_shaded_dot_0</styleUrl>
      <Point>
         <extrude>1</extrude>
         <altitudeMode>absolute</altitudeMode>
         <coordinates>
            -115.823000,34.587908,4132.195
         </coordinates>
      </Point>
   </Placemark>
   <Placemark>
      <name> </name>
      <description>1126.0 sec (00:19:46.000)
Lon/lat: -115.8230, 34.5879
Alt: 4.139 km
Vel: 0.001 km/s</description>
      <styleUrl>#sh_shaded_dot_0</styleUrl>
      <Point>
         <extrude>1</extrude>
         <altitudeMode>absolute</altitudeMode>
         <coordinates>
            -115.823000,34.587941,4139.240
         </coordinates>
      </Point>
   </Placemark>
   <Placemark>
      <name> </name>
      <description>1128.0 sec (00:19:48.000)
Lon/lat: -115.8230, 34.5880
Alt: 4.143 km
Vel: 0.001 km/s</description>
      <styleUrl>#sh_shaded_dot_0</styleUrl>
      <Point>
         <extrude>1</extrude>
         <altitudeMode>absolute</altitudeMode>
         <coordinates>
            -115.823000,34.587983,4143.347
         </coordinates>
      </Point>
   </Placemark>
   <Placemark>
      <name> </name>
      <description>1130.0 sec (00:19:50.000)
Lon/lat: -115.8220, 34.5880
Alt: 4.147 km
Vel: 0.001 km/s</description>
      <styleUrl>#sh_shaded_dot_0</styleUrl>
      <Point>
         <extrude>1</extrude>
         <altitudeMode>absolute</altitudeMode>
         <coordinates>
            -115.822000,34.588043,4146.530
         </coordinates>
      </Point>
   </Placemark>
   <Placemark>
      <name> </name>
      <description>1132.0 sec (00:19:52.000)
Lon/lat: -115.8220, 34.5881
Alt: 4.150 km
Vel: 0.001 km/s</description>
      <styleUrl>#sh_shaded_dot_0</styleUrl>
      <Point>
         <extrude>1</extrude>
         <altitudeMode>absolute</altitudeMode>
         <coordinates>
            -115.822000,34.588078,4150.471
         </coordinates>
      </Point>
   </Placemark>
   <Placemark>
      <name> </name>
      <description>1134.0 sec (00:19:54.000)
Lon/lat: -115.8220, 34.5881
Alt: 4.152 km
Vel: 0.001 km/s</description>
      <styleUrl>#sh_shaded_dot_0</styleUrl>
      <Point>
         <extrude>1</extrude>
         <altitudeMode>absolute</altitudeMode>
         <coordinates>
            -115.822000,34.588119,4152.273
         </coordinates>
      </Point>
   </Placemark>
   <Placemark>
      <name> </name>
      <description>1136.0 sec (00:19:56.000)
Lon/lat: -115.8220, 34.5881
Alt: 4.157 km
Vel: 0.001 km/s</description>
      <styleUrl>#sh_shaded_dot_0</styleUrl>
      <Point>
         <extrude>1</extrude>
         <altitudeMode>absolute</altitudeMode>
         <coordinates>
            -115.822000,34.588129,4157.446
         </coordinates>
      </Point>
   </Placemark>
   <Placemark>
      <name> </name>
      <description>1138.0 sec (00:19:58.000)
Lon/lat: -115.8210, 34.5882
Alt: 4.164 km
Vel: 0.001 km/s</description>
      <styleUrl>#sh_shaded_dot_0</styleUrl>
      <Point>
         <extrude>1</extrude>
         <altitudeMode>absolute</altitudeMode>
         <coordinates>
            -115.821000,34.588162,4164.051
         </coordinates>
      </Point>
   </Placemark>
   <Placemark>
      <name> </name>
      <description>1140.0 sec (00:19:0.000)
Lon/lat: -115.8210, 34.5882
Alt: 4.171 km
Vel: 0.001 km/s</description>
      <styleUrl>#sh_shaded_dot_0</styleUrl>
      <Point>
         <extrude>1</extrude>
         <altitudeMode>absolute</altitudeMode>
         <coordinates>
            -115.821000,34.588190,4170.977
         </coordinates>
      </Point>
   </Placemark>
   <Placemark>
      <name> </name>
      <description>1142.0 sec (00:19:2.000)
Lon/lat: -115.8210, 34.5882
Alt: 4.177 km
Vel: 0.001 km/s</description>
      <styleUrl>#sh_shaded_dot_0</styleUrl>
      <Point>
         <extrude>1</extrude>
         <altitudeMode>absolute</altitudeMode>
         <coordinates>
            -115.821000,34.588223,4176.550
         </coordinates>
      </Point>
   </Placemark>
   <Placemark>
      <name> </name>
      <description>1144.0 sec (00:19:4.000)
Lon/lat: -115.8210, 34.5883
Alt: 4.183 km
Vel: 0.001 km/s</description>
      <styleUrl>#sh_shaded_dot_0</styleUrl>
      <Point>
         <extrude>1</extrude>
         <altitudeMode>absolute</altitudeMode>
         <coordinates>
            -115.821000,34.588270,4183.297
         </coordinates>
      </Point>
   </Placemark>
   <Placemark>
      <name> </name>
      <description>1146.0 sec (00:19:6.000)
Lon/lat: -115.8210, 34.5883
Alt: 4.187 km
Vel: 0.001 km/s</description>
      <styleUrl>#sh_shaded_dot_0</styleUrl>
      <Point>
         <extrude>1</extrude>
         <altitudeMode>absolute</altitudeMode>
         <coordinates>
            -115.821000,34.588313,4186.785
         </coordinates>
      </Point>
   </Placemark>
   <Placemark>
      <name> </name>
      <description>1148.0 sec (00:19:8.000)
Lon/lat: -115.8200, 34.5884
Alt: 4.191 km
Vel: 0.001 km/s</description>
      <styleUrl>#sh_shaded_dot_0</styleUrl>
      <Point>
         <extrude>1</extrude>
         <altitudeMode>absolute</altitudeMode>
         <coordinates>
            -115.820000,34.588356,4191.141
         </coordinates>
      </Point>
   </Placemark>
   <Placemark>
      <name> </name>
      <description>1150.0 sec (00:19:10.000)
Lon/lat: -115.8200, 34.5884
Alt: 4.198 km
Vel: 0.001 km/s</description>
      <styleUrl>#sh_shaded_dot_0</styleUrl>
      <Point>
         <extrude>1</extrude>
         <altitudeMode>absolute</altitudeMode>
         <coordinates>
            -115.820000,34.588379,4197.928
         </coordinates>
      </Point>
   </Placemark>
   <Placemark>
      <name> </name>
      <description>1152.0 sec (00:19:12.000)
Lon/lat: -115.8200, 34.5884
Alt: 4.203 km
Vel: 0.001 km/s</description>
      <styleUrl>#sh_shaded_dot_0</styleUrl>
      <Point>
         <extrude>1</extrude>
         <altitudeMode>absolute</altitudeMode>
         <coordinates>
            -115.820000,34.588406,4202.509
         </coordinates>
      </Point>
   </Placemark>
   <Placemark>
      <name> </name>
      <description>1154.0 sec (00:19:14.000)
Lon/lat: -115.8200, 34.5885
Alt: 4.208 km
Vel: 0.001 km/s</description>
      <styleUrl>#sh_shaded_dot_0</styleUrl>
      <Point>
         <extrude>1</extrude>
         <altitudeMode>absolute</altitudeMode>
         <coordinates>
            -115.820000,34.588451,4207.898
         </coordinates>
      </Point>
   </Placemark>
   <Placemark>
      <name> </name>
      <description>1156.0 sec (00:19:16.000)
Lon/lat: -115.8190, 34.5885
Alt: 4.212 km
Vel: 0.001 km/s</description>
      <styleUrl>#sh_shaded_dot_0</styleUrl>
      <Point>
         <extrude>1</extrude>
         <altitudeMode>absolute</altitudeMode>
         <coordinates>
            -115.819000,34.588483,4212.131
         </coordinates>
      </Point>
   </Placemark>
   <Placemark>
      <name> </name>
      <description>1158.0 sec (00:19:18.000)
Lon/lat: -115.8190, 34.5885
Alt: 4.217 km
Vel: 0.001 km/s</description>
      <styleUrl>#sh_shaded_dot_0</styleUrl>
      <Point>
         <extrude>1</extrude>
         <altitudeMode>absolute</altitudeMode>
         <coordinates>
            -115.819000,34.588535,4217.022
         </coordinates>
      </Point>
   </Placemark>
   <Placemark>
      <name> </name>
      <description>1160.0 sec (00:19:20.000)
Lon/lat: -115.8190, 34.5886
Alt: 4.221 km
Vel: 0.001 km/s</description>
      <styleUrl>#sh_shaded_dot_0</styleUrl>
      <Point>
         <extrude>1</extrude>
         <altitudeMode>absolute</altitudeMode>
         <coordinates>
            -115.819000,34.588574,4220.743
         </coordinates>
      </Point>
   </Placemark>
   <Placemark>
      <name> </name>
      <description>1162.0 sec (00:19:22.000)
Lon/lat: -115.8190, 34.5886
Alt: 4.227 km
Vel: 0.001 km/s</description>
      <styleUrl>#sh_shaded_dot_0</styleUrl>
      <Point>
         <extrude>1</extrude>
         <altitudeMode>absolute</altitudeMode>
         <coordinates>
            -115.819000,34.588611,4226.569
         </coordinates>
      </Point>
   </Placemark>
   <Placemark>
      <name> </name>
      <description>1164.0 sec (00:19:24.000)
Lon/lat: -115.8190, 34.5886
Alt: 4.231 km
Vel: 0.001 km/s</description>
      <styleUrl>#sh_shaded_dot_0</styleUrl>
      <Point>
         <extrude>1</extrude>
         <altitudeMode>absolute</altitudeMode>
         <coordinates>
            -115.819000,34.588637,4230.752
         </coordinates>
      </Point>
   </Placemark>
   <Placemark>
      <name> </name>
      <description>1166.0 sec (00:19:26.000)
Lon/lat: -115.8180, 34.5887
Alt: 4.237 km
Vel: 0.001 km/s</description>
      <styleUrl>#sh_shaded_dot_0</styleUrl>
      <Point>
         <extrude>1</extrude>
         <altitudeMode>absolute</altitudeMode>
         <coordinates>
            -115.818000,34.588676,4236.969
         </coordinates>
      </Point>
   </Placemark>
   <Placemark>
      <name> </name>
      <description>1168.0 sec (00:19:28.000)
Lon/lat: -115.8180, 34.5887
Alt: 4.245 km
Vel: 0.001 km/s</description>
      <styleUrl>#sh_shaded_dot_0</styleUrl>
      <Point>
         <extrude>1</extrude>
         <altitudeMode>absolute</altitudeMode>
         <coordinates>
            -115.818000,34.588710,4244.985
         </coordinates>
      </Point>
   </Placemark>
   <Placemark>
      <name> </name>
      <description>1170.0 sec (00:20:30.000)
Lon/lat: -115.8180, 34.5887
Alt: 4.251 km
Vel: 0.001 km/s</description>
      <styleUrl>#sh_shaded_dot_0</styleUrl>
      <Point>
         <extrude>1</extrude>
         <altitudeMode>absolute</altitudeMode>
         <coordinates>
            -115.818000,34.588748,4250.789
         </coordinates>
      </Point>
   </Placemark>
   <Placemark>
      <name> </name>
      <description>1172.0 sec (00:20:32.000)
Lon/lat: -115.8180, 34.5888
Alt: 4.254 km
Vel: 0.001 km/s</description>
      <styleUrl>#sh_shaded_dot_0</styleUrl>
      <Point>
         <extrude>1</extrude>
         <altitudeMode>absolute</altitudeMode>
         <coordinates>
            -115.818000,34.588790,4253.992
         </coordinates>
      </Point>
   </Placemark>
   <Placemark>
      <name> </name>
      <description>1174.0 sec (00:20:34.000)
Lon/lat: -115.8180, 34.5888
Alt: 4.258 km
Vel: 0.001 km/s</description>
      <styleUrl>#sh_shaded_dot_0</styleUrl>
      <Point>
         <extrude>1</extrude>
         <altitudeMode>absolute</altitudeMode>
         <coordinates>
            -115.818000,34.588834,4257.616
         </coordinates>
      </Point>
   </Placemark>
   <Placemark>
      <name> </name>
      <description>1176.0 sec (00:20:36.000)
Lon/lat: -115.8170, 34.5889
Alt: 4.262 km
Vel: 0.001 km/s</description>
      <styleUrl>#sh_shaded_dot_0</styleUrl>
      <Point>
         <extrude>1</extrude>
         <altitudeMode>absolute</altitudeMode>
         <coordinates>
            -115.817000,34.588874,4262.000
         </coordinates>
      </Point>
   </Placemark>
   <Placemark>
      <name> </name>
      <description>1178.0 sec (00:20:38.000)
Lon/lat: -115.8170, 34.5889
Alt: 4.266 km
Vel: 0.001 km/s</description>
      <styleUrl>#sh_shaded_dot_0</styleUrl>
      <Point>
         <extrude>1</extrude>
         <altitudeMode>absolute</altitudeMode>
         <coordinates>
            -115.817000,34.588914,4266.189
         </coordinates>
      </Point>
   </Placemark>
   <Placemark>
      <name> </name>
      <description>1180.0 sec (00:20:40.000)
Lon/lat: -115.8170, 34.5889
Alt: 4.270 km
Vel: 0.001 km/s</description>
      <styleUrl>#sh_shaded_dot_0</styleUrl>
      <Point>
         <extrude>1</extrude>
         <altitudeMode>absolute</altitudeMode>
         <coordinates>
            -115.817000,34.588934,4269.707
         </coordinates>
      </Point>
   </Placemark>
   <Placemark>
      <name> </name>
      <description>1182.0 sec (00:20:42.000)
Lon/lat: -115.8170, 34.5890
Alt: 4.274 km
Vel: 0.001 km/s</description>
      <styleUrl>#sh_shaded_dot_0</styleUrl>
      <Point>
         <extrude>1</extrude>
         <altitudeMode>absolute</altitudeMode>
         <coordinates>
            -115.817000,34.588968,4273.824
         </coordinates>
      </Point>
   </Placemark>
   <Placemark>
      <name> </name>
      <description>1184.0 sec (00:20:44.000)
Lon/lat: -115.8160, 34.5890
Alt: 4.279 km
Vel: 0.001 km/s</description>
      <styleUrl>#sh_shaded_dot_0</styleUrl>
      <Point>
         <extrude>1</extrude>
         <altitudeMode>absolute</altitudeMode>
         <coordinates>
            -115.816000,34.589012,4278.972
         </coordinates>
      </Point>
   </Placemark>
   <Placemark>
      <name> </name>
      <description>1186.0 sec (00:20:46.000)
Lon/lat: -115.8160, 34.5890
Alt: 4.286 km
Vel: 0.001 km/s</description>
      <styleUrl>#sh_shaded_dot_0</styleUrl>
      <Point>
         <extrude>1</extrude>
         <altitudeMode>absolute</altitudeMode>
         <coordinates>
            -115.816000,34.589043,4285.994
         </coordinates>
      </Point>
   </Placemark>
   <Placemark>
      <name> </name>
      <description>1188.0 sec (00:20:48.000)
Lon/lat: -115.8160, 34.5891
Alt: 4.292 km
Vel: 0.001 km/s</description>
      <styleUrl>#sh_shaded_dot_0</styleUrl>
      <Point>
         <extrude>1</extrude>
         <altitudeMode>absolute</altitudeMode>
         <coordinates>
            -115.816000,34.589069,4292.096
         </coordinates>
      </Point>
   </Placemark>
   <Placemark>
      <name> </name>
      <description>1190.0 sec (00:20:50.000)
Lon/lat: -115.8160, 34.5891
Alt: 4.298 km
Vel: 0.001 km/s</description>
      <styleUrl>#sh_shaded_dot_0</styleUrl>
      <Point>
         <extrude>1</extrude>
         <altitudeMode>absolute</altitudeMode>
         <coordinates>
            -115.816000,34.589110,4298.048
         </coordinates>
      </Point>
   </Placemark>
   <Placemark>
      <name> </name>
      <description>1192.0 sec (00:20:52.000)
Lon/lat: -115.8160, 34.5892
Alt: 4.303 km
Vel: 0.001 km/s</description>
      <styleUrl>#sh_shaded_dot_0</styleUrl>
      <Point>
         <extrude>1</extrude>
         <altitudeMode>absolute</altitudeMode>
         <coordinates>
            -115.816000,34.589155,4302.721
         </coordinates>
      </Point>
   </Placemark>
   <Placemark>
      <name> </name>
      <description>1194.0 sec (00:20:54.000)
Lon/lat: -115.8150, 34.5892
Alt: 4.307 km
Vel: 0.001 km/s</description>
      <styleUrl>#sh_shaded_dot_0</styleUrl>
      <Point>
         <extrude>1</extrude>
         <altitudeMode>absolute</altitudeMode>
         <coordinates>
            -115.815000,34.589194,4307.072
         </coordinates>
      </Point>
   </Placemark>
   <Placemark>
      <name> </name>
      <description>1196.0 sec (00:20:56.000)
Lon/lat: -115.8150, 34.5892
Alt: 4.311 km
Vel: 0.001 km/s</description>
      <styleUrl>#sh_shaded_dot_0</styleUrl>
      <Point>
         <extrude>1</extrude>
         <altitudeMode>absolute</altitudeMode>
         <coordinates>
            -115.815000,34.589231,4310.880
         </coordinates>
      </Point>
   </Placemark>
   <Placemark>
      <name> </name>
      <description>1198.0 sec (00:20:58.000)
Lon/lat: -115.8150, 34.5893
Alt: 4.314 km
Vel: 0.001 km/s</description>
      <styleUrl>#sh_shaded_dot_0</styleUrl>
      <Point>
         <extrude>1</extrude>
         <altitudeMode>absolute</altitudeMode>
         <coordinates>
            -115.815000,34.589272,4314.352
         </coordinates>
      </Point>
   </Placemark>
   <Placemark>
      <name> </name>
      <description>1200.0 sec (00:20:0.000)
Lon/lat: -115.8150, 34.5893
Alt: 4.319 km
Vel: 0.001 km/s</description>
      <styleUrl>#sh_shaded_dot_0</styleUrl>
      <Point>
         <extrude>1</extrude>
         <altitudeMode>absolute</altitudeMode>
         <coordinates>
            -115.815000,34.589313,4318.967
         </coordinates>
      </Point>
   </Placemark>
   <Placemark>
      <name> </name>
      <description>1202.0 sec (00:20:2.000)
Lon/lat: -115.8140, 34.5893
Alt: 4.323 km
Vel: 0.001 km/s</description>
      <styleUrl>#sh_shaded_dot_0</styleUrl>
      <Point>
         <extrude>1</extrude>
         <altitudeMode>absolute</altitudeMode>
         <coordinates>
            -115.814000,34.589338,4323.453
         </coordinates>
      </Point>
   </Placemark>
   <Placemark>
      <name> </name>
      <description>1204.0 sec (00:20:4.000)
Lon/lat: -115.8140, 34.5894
Alt: 4.331 km
Vel: 0.001 km/s</description>
      <styleUrl>#sh_shaded_dot_0</styleUrl>
      <Point>
         <extrude>1</extrude>
         <altitudeMode>absolute</altitudeMode>
         <coordinates>
            -115.814000,34.589371,4331.470
         </coordinates>
      </Point>
   </Placemark>
   <Placemark>
      <name> </name>
      <description>1206.0 sec (00:20:6.000)
Lon/lat: -115.8140, 34.5894
Alt: 4.337 km
Vel: 0.001 km/s</description>
      <styleUrl>#sh_shaded_dot_0</styleUrl>
      <Point>
         <extrude>1</extrude>
         <altitudeMode>absolute</altitudeMode>
         <coordinates>
            -115.814000,34.589416,4336.999
         </coordinates>
      </Point>
   </Placemark>
   <Placemark>
      <name> </name>
      <description>1208.0 sec (00:20:8.000)
Lon/lat: -115.8140, 34.5895
Alt: 4.340 km
Vel: 0.001 km/s</description>
      <styleUrl>#sh_shaded_dot_0</styleUrl>
      <Point>
         <extrude>1</extrude>
         <altitudeMode>absolute</altitudeMode>
         <coordinates>
            -115.814000,34.589457,4340.061
         </coordinates>
      </Point>
   </Placemark>
   <Placemark>
      <name> </name>
      <description>1210.0 sec (00:20:10.000)
Lon/lat: -115.8140, 34.5895
Alt: 4.345 km
Vel: 0.001 km/s</description>
      <styleUrl>#sh_shaded_dot_0</styleUrl>
      <Point>
         <extrude>1</extrude>
         <altitudeMode>absolute</altitudeMode>
         <coordinates>
            -115.814000,34.589492,4345.161
         </coordinates>
      </Point>
   </Placemark>
   <Placemark>
      <name> </name>
      <description>1212.0 sec (00:20:12.000)
Lon/lat: -115.8130, 34.5895
Alt: 4.350 km
Vel: 0.001 km/s</description>
      <styleUrl>#sh_shaded_dot_0</styleUrl>
      <Point>
         <extrude>1</extrude>
         <altitudeMode>absolute</altitudeMode>
         <coordinates>
            -115.813000,34.589533,4349.934
         </coordinates>
      </Point>
   </Placemark>
   <Placemark>
      <name> </name>
      <description>1214.0 sec (00:20:14.000)
Lon/lat: -115.8130, 34.5896
Alt: 4.353 km
Vel: 0.001 km/s</description>
      <styleUrl>#sh_shaded_dot_0</styleUrl>
      <Point>
         <extrude>1</extrude>
         <altitudeMode>absolute</altitudeMode>
         <coordinates>
            -115.813000,34.589578,4353.118
         </coordinates>
      </Point>
   </Placemark>
   <Placemark>
      <name> </name>
      <description>1216.0 sec (00:20:16.000)
Lon/lat: -115.8130, 34.5896
Alt: 4.357 km
Vel: 0.001 km/s</description>
      <styleUrl>#sh_shaded_dot_0</styleUrl>
      <Point>
         <extrude>1</extrude>
         <altitudeMode>absolute</altitudeMode>
         <coordinates>
            -115.813000,34.589623,4357.466
         </coordinates>
      </Point>
   </Placemark>
   <Placemark>
      <name> </name>
      <description>1218.0 sec (00:20:18.000)
Lon/lat: -115.8130, 34.5897
Alt: 4.362 km
Vel: 0.001 km/s</description>
      <styleUrl>#sh_shaded_dot_0</styleUrl>
      <Point>
         <extrude>1</extrude>
         <altitudeMode>absolute</altitudeMode>
         <coordinates>
            -115.813000,34.589665,4361.982
         </coordinates>
      </Point>
   </Placemark>
   <Placemark>
      <name> </name>
      <description>1220.0 sec (00:20:20.000)
Lon/lat: -115.8130, 34.5897
Alt: 4.367 km
Vel: 0.001 km/s</description>
      <styleUrl>#sh_shaded_dot_0</styleUrl>
      <Point>
         <extrude>1</extrude>
         <altitudeMode>absolute</altitudeMode>
         <coordinates>
            -115.813000,34.589712,4366.991
         </coordinates>
      </Point>
   </Placemark>
   <Placemark>
      <name> </name>
      <description>1222.0 sec (00:20:22.000)
Lon/lat: -115.8120, 34.5897
Alt: 4.373 km
Vel: 0.001 km/s</description>
      <styleUrl>#sh_shaded_dot_0</styleUrl>
      <Point>
         <extrude>1</extrude>
         <altitudeMode>absolute</altitudeMode>
         <coordinates>
            -115.812000,34.589737,4372.518
         </coordinates>
      </Point>
   </Placemark>
   <Placemark>
      <name> </name>
      <description>1224.0 sec (00:20:24.000)
Lon/lat: -115.8120, 34.5898
Alt: 4.378 km
Vel: 0.001 km/s</description>
      <styleUrl>#sh_shaded_dot_0</styleUrl>
      <Point>
         <extrude>1</extrude>
         <altitudeMode>absolute</altitudeMode>
         <coordinates>
            -115.812000,34.589786,4377.790
         </coordinates>
      </Point>
   </Placemark>
   <Placemark>
      <name> </name>
      <description>1226.0 sec (00:20:26.000)
Lon/lat: -115.8120, 34.5898
Alt: 4.384 km
Vel: 0.001 km/s</description>
      <styleUrl>#sh_shaded_dot_0</styleUrl>
      <Point>
         <extrude>1</extrude>
         <altitudeMode>absolute</altitudeMode>
         <coordinates>
            -115.812000,34.589830,4383.902
         </coordinates>
      </Point>
   </Placemark>
   <Placemark>
      <name> </name>
      <description>1228.0 sec (00:20:28.000)
Lon/lat: -115.8120, 34.5899
Alt: 4.387 km
Vel: 0.001 km/s</description>
      <styleUrl>#sh_shaded_dot_0</styleUrl>
      <Point>
         <extrude>1</extrude>
         <altitudeMode>absolute</altitudeMode>
         <coordinates>
            -115.812000,34.589885,4387.376
         </coordinates>
      </Point>
   </Placemark>
   <Placemark>
      <name> </name>
      <description>1230.0 sec (00:20:30.000)
Lon/lat: -115.8110, 34.5899
Alt: 4.391 km
Vel: 0.001 km/s</description>
      <styleUrl>#sh_shaded_dot_0</styleUrl>
      <Point>
         <extrude>1</extrude>
         <altitudeMode>absolute</altitudeMode>
         <coordinates>
            -115.811000,34.589930,4390.870
         </coordinates>
      </Point>
   </Placemark>
   <Placemark>
      <name> </name>
      <description>1232.0 sec (00:21:32.000)
Lon/lat: -115.8110, 34.5900
Alt: 4.393 km
Vel: 0.001 km/s</description>
      <styleUrl>#sh_shaded_dot_0</styleUrl>
      <Point>
         <extrude>1</extrude>
         <altitudeMode>absolute</altitudeMode>
         <coordinates>
            -115.811000,34.589967,4393.129
         </coordinates>
      </Point>
   </Placemark>
   <Placemark>
      <name> </name>
      <description>1234.0 sec (00:21:34.000)
Lon/lat: -115.8110, 34.5900
Alt: 4.396 km
Vel: 0.001 km/s</description>
      <styleUrl>#sh_shaded_dot_0</styleUrl>
      <Point>
         <extrude>1</extrude>
         <altitudeMode>absolute</altitudeMode>
         <coordinates>
            -115.811000,34.589997,4395.594
         </coordinates>
      </Point>
   </Placemark>
   <Placemark>
      <name> </name>
      <description>1236.0 sec (00:21:36.000)
Lon/lat: -115.8110, 34.5900
Alt: 4.400 km
Vel: 0.001 km/s</description>
      <styleUrl>#sh_shaded_dot_0</styleUrl>
      <Point>
         <extrude>1</extrude>
         <altitudeMode>absolute</altitudeMode>
         <coordinates>
            -115.811000,34.590042,4399.774
         </coordinates>
      </Point>
   </Placemark>
   <Placemark>
      <name> </name>
      <description>1238.0 sec (00:21:38.000)
Lon/lat: -115.8110, 34.5901
Alt: 4.406 km
Vel: 0.001 km/s</description>
      <styleUrl>#sh_shaded_dot_0</styleUrl>
      <Point>
         <extrude>1</extrude>
         <altitudeMode>absolute</altitudeMode>
         <coordinates>
            -115.811000,34.590085,4405.770
         </coordinates>
      </Point>
   </Placemark>
   <Placemark>
      <name> </name>
      <description>1240.0 sec (00:21:40.000)
Lon/lat: -115.8100, 34.5901
Alt: 4.413 km
Vel: 0.001 km/s</description>
      <styleUrl>#sh_shaded_dot_0</styleUrl>
      <Point>
         <extrude>1</extrude>
         <altitudeMode>absolute</altitudeMode>
         <coordinates>
            -115.810000,34.590130,4413.265
         </coordinates>
      </Point>
   </Placemark>
   <Placemark>
      <name> </name>
      <description>1242.0 sec (00:21:42.000)
Lon/lat: -115.8100, 34.5902
Alt: 4.420 km
Vel: 0.001 km/s</description>
      <styleUrl>#sh_shaded_dot_0</styleUrl>
      <Point>
         <extrude>1</extrude>
         <altitudeMode>absolute</altitudeMode>
         <coordinates>
            -115.810000,34.590191,4420.395
         </coordinates>
      </Point>
   </Placemark>
   <Placemark>
      <name> </name>
      <description>1244.0 sec (00:21:44.000)
Lon/lat: -115.8100, 34.5903
Alt: 4.424 km
Vel: 0.001 km/s</description>
      <styleUrl>#sh_shaded_dot_0</styleUrl>
      <Point>
         <extrude>1</extrude>
         <altitudeMode>absolute</altitudeMode>
         <coordinates>
            -115.810000,34.590260,4423.683
         </coordinates>
      </Point>
   </Placemark>
   <Placemark>
      <name> </name>
      <description>1246.0 sec (00:21:46.000)
Lon/lat: -115.8100, 34.5903
Alt: 4.428 km
Vel: 0.001 km/s</description>
      <styleUrl>#sh_shaded_dot_0</styleUrl>
      <Point>
         <extrude>1</extrude>
         <altitudeMode>absolute</altitudeMode>
         <coordinates>
            -115.810000,34.590322,4427.594
         </coordinates>
      </Point>
   </Placemark>
   <Placemark>
      <name> </name>
      <description>1248.0 sec (00:21:48.000)
Lon/lat: -115.8100, 34.5903
Alt: 4.432 km
Vel: 0.001 km/s</description>
      <styleUrl>#sh_shaded_dot_0</styleUrl>
      <Point>
         <extrude>1</extrude>
         <altitudeMode>absolute</altitudeMode>
         <coordinates>
            -115.810000,34.590335,4432.290
         </coordinates>
      </Point>
   </Placemark>
   <Placemark>
      <name> </name>
      <description>1250.0 sec (00:21:50.000)
Lon/lat: -115.8090, 34.5904
Alt: 4.436 km
Vel: 0.001 km/s</description>
      <styleUrl>#sh_shaded_dot_0</styleUrl>
      <Point>
         <extrude>1</extrude>
         <altitudeMode>absolute</altitudeMode>
         <coordinates>
            -115.809000,34.590379,4436.132
         </coordinates>
      </Point>
   </Placemark>
   <Placemark>
      <name> </name>
      <description>1252.0 sec (00:21:52.000)
Lon/lat: -115.8090, 34.5904
Alt: 4.439 km
Vel: 0.001 km/s</description>
      <styleUrl>#sh_shaded_dot_0</styleUrl>
      <Point>
         <extrude>1</extrude>
         <altitudeMode>absolute</altitudeMode>
         <coordinates>
            -115.809000,34.590414,4439.359
         </coordinates>
      </Point>
   </Placemark>
   <Placemark>
      <name> </name>
      <description>1254.0 sec (00:21:54.000)
Lon/lat: -115.8090, 34.5905
Alt: 4.445 km
Vel: 0.001 km/s</description>
      <styleUrl>#sh_shaded_dot_0</styleUrl>
      <Point>
         <extrude>1</extrude>
         <altitudeMode>absolute</altitudeMode>
         <coordinates>
            -115.809000,34.590462,4444.514
         </coordinates>
      </Point>
   </Placemark>
   <Placemark>
      <name> </name>
      <description>1256.0 sec (00:21:56.000)
Lon/lat: -115.8090, 34.5905
Alt: 4.449 km
Vel: 0.001 km/s</description>
      <styleUrl>#sh_shaded_dot_0</styleUrl>
      <Point>
         <extrude>1</extrude>
         <altitudeMode>absolute</altitudeMode>
         <coordinates>
            -115.809000,34.590493,4448.761
         </coordinates>
      </Point>
   </Placemark>
   <Placemark>
      <name> </name>
      <description>1258.0 sec (00:21:58.000)
Lon/lat: -115.8090, 34.5905
Alt: 4.453 km
Vel: 0.001 km/s</description>
      <styleUrl>#sh_shaded_dot_0</styleUrl>
      <Point>
         <extrude>1</extrude>
         <altitudeMode>absolute</altitudeMode>
         <coordinates>
            -115.809000,34.590530,4453.097
         </coordinates>
      </Point>
   </Placemark>
   <Placemark>
      <name> </name>
      <description>1260.0 sec (00:21:0.000)
Lon/lat: -115.8080, 34.5906
Alt: 4.456 km
Vel: 0.001 km/s</description>
      <styleUrl>#sh_shaded_dot_0</styleUrl>
      <Point>
         <extrude>1</extrude>
         <altitudeMode>absolute</altitudeMode>
         <coordinates>
            -115.808000,34.590576,4456.459
         </coordinates>
      </Point>
   </Placemark>
   <Placemark>
      <name> </name>
      <description>1262.0 sec (00:21:2.000)
Lon/lat: -115.8080, 34.5906
Alt: 4.462 km
Vel: 0.001 km/s</description>
      <styleUrl>#sh_shaded_dot_0</styleUrl>
      <Point>
         <extrude>1</extrude>
         <altitudeMode>absolute</altitudeMode>
         <coordinates>
            -115.808000,34.590635,4461.550
         </coordinates>
      </Point>
   </Placemark>
   <Placemark>
      <name> </name>
      <description>1264.0 sec (00:21:4.000)
Lon/lat: -115.8080, 34.5907
Alt: 4.466 km
Vel: 0.001 km/s</description>
      <styleUrl>#sh_shaded_dot_0</styleUrl>
      <Point>
         <extrude>1</extrude>
         <altitudeMode>absolute</altitudeMode>
         <coordinates>
            -115.808000,34.590692,4465.862
         </coordinates>
      </Point>
   </Placemark>
   <Placemark>
      <name> </name>
      <description>1266.0 sec (00:21:6.000)
Lon/lat: -115.8080, 34.5907
Alt: 4.471 km
Vel: 0.001 km/s</description>
      <styleUrl>#sh_shaded_dot_0</styleUrl>
      <Point>
         <extrude>1</extrude>
         <altitudeMode>absolute</altitudeMode>
         <coordinates>
            -115.808000,34.590731,4470.966
         </coordinates>
      </Point>
   </Placemark>
   <Placemark>
      <name> </name>
      <description>1268.0 sec (00:21:8.000)
Lon/lat: -115.8080, 34.5908
Alt: 4.474 km
Vel: 0.001 km/s</description>
      <styleUrl>#sh_shaded_dot_0</styleUrl>
      <Point>
         <extrude>1</extrude>
         <altitudeMode>absolute</altitudeMode>
         <coordinates>
            -115.808000,34.590755,4473.880
         </coordinates>
      </Point>
   </Placemark>
   <Placemark>
      <name> </name>
      <description>1270.0 sec (00:21:10.000)
Lon/lat: -115.8070, 34.5908
Alt: 4.480 km
Vel: 0.001 km/s</description>
      <styleUrl>#sh_shaded_dot_0</styleUrl>
      <Point>
         <extrude>1</extrude>
         <altitudeMode>absolute</altitudeMode>
         <coordinates>
            -115.807000,34.590803,4479.755
         </coordinates>
      </Point>
   </Placemark>
   <Placemark>
      <name> </name>
      <description>1272.0 sec (00:21:12.000)
Lon/lat: -115.8070, 34.5908
Alt: 4.485 km
Vel: 0.001 km/s</description>
      <styleUrl>#sh_shaded_dot_0</styleUrl>
      <Point>
         <extrude>1</extrude>
         <altitudeMode>absolute</altitudeMode>
         <coordinates>
            -115.807000,34.590848,4484.873
         </coordinates>
      </Point>
   </Placemark>
   <Placemark>
      <name> </name>
      <description>1274.0 sec (00:21:14.000)
Lon/lat: -115.8070, 34.5909
Alt: 4.489 km
Vel: 0.001 km/s</description>
      <styleUrl>#sh_shaded_dot_0</styleUrl>
      <Point>
         <extrude>1</extrude>
         <altitudeMode>absolute</altitudeMode>
         <coordinates>
            -115.807000,34.590880,4489.197
         </coordinates>
      </Point>
   </Placemark>
   <Placemark>
      <name> </name>
      <description>1276.0 sec (00:21:16.000)
Lon/lat: -115.8070, 34.5909
Alt: 4.493 km
Vel: 0.001 km/s</description>
      <styleUrl>#sh_shaded_dot_0</styleUrl>
      <Point>
         <extrude>1</extrude>
         <altitudeMode>absolute</altitudeMode>
         <coordinates>
            -115.807000,34.590922,4493.462
         </coordinates>
      </Point>
   </Placemark>
   <Placemark>
      <name> </name>
      <description>1278.0 sec (00:21:18.000)
Lon/lat: -115.8060, 34.5910
Alt: 4.495 km
Vel: 0.001 km/s</description>
      <styleUrl>#sh_shaded_dot_0</styleUrl>
      <Point>
         <extrude>1</extrude>
         <altitudeMode>absolute</altitudeMode>
         <coordinates>
            -115.806000,34.590971,4495.147
         </coordinates>
      </Point>
   </Placemark>
   <Placemark>
      <name> </name>
      <description>1280.0 sec (00:21:20.000)
Lon/lat: -115.8060, 34.5910
Alt: 4.498 km
Vel: 0.001 km/s</description>
      <styleUrl>#sh_shaded_dot_0</styleUrl>
      <Point>
         <extrude>1</extrude>
         <altitudeMode>absolute</altitudeMode>
         <coordinates>
            -115.806000,34.591007,4497.556
         </coordinates>
      </Point>
   </Placemark>
   <Placemark>
      <name> </name>
      <description>1282.0 sec (00:21:22.000)
Lon/lat: -115.8060, 34.5910
Alt: 4.501 km
Vel: 0.001 km/s</description>
      <styleUrl>#sh_shaded_dot_0</styleUrl>
      <Point>
         <extrude>1</extrude>
         <altitudeMode>absolute</altitudeMode>
         <coordinates>
            -115.806000,34.591042,4500.886
         </coordinates>
      </Point>
   </Placemark>
   <Placemark>
      <name> </name>
      <description>1284.0 sec (00:21:24.000)
Lon/lat: -115.8060, 34.5911
Alt: 4.506 km
Vel: 0.001 km/s</description>
      <styleUrl>#sh_shaded_dot_0</styleUrl>
      <Point>
         <extrude>1</extrude>
         <altitudeMode>absolute</altitudeMode>
         <coordinates>
            -115.806000,34.591087,4505.681
         </coordinates>
      </Point>
   </Placemark>
   <Placemark>
      <name> </name>
      <description>1286.0 sec (00:21:26.000)
Lon/lat: -115.8060, 34.5911
Alt: 4.510 km
Vel: 0.001 km/s</description>
      <styleUrl>#sh_shaded_dot_0</styleUrl>
      <Point>
         <extrude>1</extrude>
         <altitudeMode>absolute</altitudeMode>
         <coordinates>
            -115.806000,34.591135,4509.967
         </coordinates>
      </Point>
   </Placemark>
   <Placemark>
      <name> </name>
      <description>1288.0 sec (00:21:28.000)
Lon/lat: -115.8050, 34.5912
Alt: 4.514 km
Vel: 0.001 km/s</description>
      <styleUrl>#sh_shaded_dot_0</styleUrl>
      <Point>
         <extrude>1</extrude>
         <altitudeMode>absolute</altitudeMode>
         <coordinates>
            -115.805000,34.591183,4514.287
         </coordinates>
      </Point>
   </Placemark>
   <Placemark>
      <name> </name>
      <description>1290.0 sec (00:22:30.000)
Lon/lat: -115.8050, 34.5912
Alt: 4.520 km
Vel: 0.001 km/s</description>
      <styleUrl>#sh_shaded_dot_0</styleUrl>
      <Point>
         <extrude>1</extrude>
         <altitudeMode>absolute</altitudeMode>
         <coordinates>
            -115.805000,34.591211,4520.007
         </coordinates>
      </Point>
   </Placemark>
   <Placemark>
      <name> </name>
      <description>1292.0 sec (00:22:32.000)
Lon/lat: -115.8050, 34.5913
Alt: 4.526 km
Vel: 0.001 km/s</description>
      <styleUrl>#sh_shaded_dot_0</styleUrl>
      <Point>
         <extrude>1</extrude>
         <altitudeMode>absolute</altitudeMode>
         <coordinates>
            -115.805000,34.591254,4526.456
         </coordinates>
      </Point>
   </Placemark>
   <Placemark>
      <name> </name>
      <description>1294.0 sec (00:22:34.000)
Lon/lat: -115.8050, 34.5913
Alt: 4.530 km
Vel: 0.001 km/s</description>
      <styleUrl>#sh_shaded_dot_0</styleUrl>
      <Point>
         <extrude>1</extrude>
         <altitudeMode>absolute</altitudeMode>
         <coordinates>
            -115.805000,34.591299,4530.371
         </coordinates>
      </Point>
   </Placemark>
   <Placemark>
      <name> </name>
      <description>1296.0 sec (00:22:36.000)
Lon/lat: -115.8050, 34.5913
Alt: 4.535 km
Vel: 0.001 km/s</description>
      <styleUrl>#sh_shaded_dot_0</styleUrl>
      <Point>
         <extrude>1</extrude>
         <altitudeMode>absolute</altitudeMode>
         <coordinates>
            -115.805000,34.591327,4534.837
         </coordinates>
      </Point>
   </Placemark>
   <Placemark>
      <name> </name>
      <description>1298.0 sec (00:22:38.000)
Lon/lat: -115.8040, 34.5914
Alt: 4.538 km
Vel: 0.001 km/s</description>
      <styleUrl>#sh_shaded_dot_0</styleUrl>
      <Point>
         <extrude>1</extrude>
         <altitudeMode>absolute</altitudeMode>
         <coordinates>
            -115.804000,34.591361,4537.747
         </coordinates>
      </Point>
   </Placemark>
   <Placemark>
      <name> </name>
      <description>1300.0 sec (00:22:40.000)
Lon/lat: -115.8040, 34.5914
Alt: 4.541 km
Vel: 0.001 km/s</description>
      <styleUrl>#sh_shaded_dot_0</styleUrl>
      <Point>
         <extrude>1</extrude>
         <altitudeMode>absolute</altitudeMode>
         <coordinates>
            -115.804000,34.591406,4541.013
         </coordinates>
      </Point>
   </Placemark>
   <Placemark>
      <name> </name>
      <description>1302.0 sec (00:22:42.000)
Lon/lat: -115.8040, 34.5914
Alt: 4.544 km
Vel: 0.001 km/s</description>
      <styleUrl>#sh_shaded_dot_0</styleUrl>
      <Point>
         <extrude>1</extrude>
         <altitudeMode>absolute</altitudeMode>
         <coordinates>
            -115.804000,34.591434,4543.739
         </coordinates>
      </Point>
   </Placemark>
   <Placemark>
      <name> </name>
      <description>1304.0 sec (00:22:44.000)
Lon/lat: -115.8040, 34.5915
Alt: 4.549 km
Vel: 0.001 km/s</description>
      <styleUrl>#sh_shaded_dot_0</styleUrl>
      <Point>
         <extrude>1</extrude>
         <altitudeMode>absolute</altitudeMode>
         <coordinates>
            -115.804000,34.591475,4548.989
         </coordinates>
      </Point>
   </Placemark>
   <Placemark>
      <name> </name>
      <description>1306.0 sec (00:22:46.000)
Lon/lat: -115.8040, 34.5915
Alt: 4.554 km
Vel: 0.001 km/s</description>
      <styleUrl>#sh_shaded_dot_0</styleUrl>
      <Point>
         <extrude>1</extrude>
         <altitudeMode>absolute</altitudeMode>
         <coordinates>
            -115.804000,34.591522,4553.607
         </coordinates>
      </Point>
   </Placemark>
   <Placemark>
      <name> </name>
      <description>1308.0 sec (00:22:48.000)
Lon/lat: -115.8030, 34.5916
Alt: 4.560 km
Vel: 0.001 km/s</description>
      <styleUrl>#sh_shaded_dot_0</styleUrl>
      <Point>
         <extrude>1</extrude>
         <altitudeMode>absolute</altitudeMode>
         <coordinates>
            -115.803000,34.591558,4559.730
         </coordinates>
      </Point>
   </Placemark>
   <Placemark>
      <name> </name>
      <description>1310.0 sec (00:22:50.000)
Lon/lat: -115.8030, 34.5916
Alt: 4.562 km
Vel: 0.001 km/s</description>
      <styleUrl>#sh_shaded_dot_0</styleUrl>
      <Point>
         <extrude>1</extrude>
         <altitudeMode>absolute</altitudeMode>
         <coordinates>
            -115.803000,34.591595,4562.157
         </coordinates>
      </Point>
   </Placemark>
   <Placemark>
      <name> </name>
      <description>1312.0 sec (00:22:52.000)
Lon/lat: -115.8030, 34.5916
Alt: 4.566 km
Vel: 0.001 km/s</description>
      <styleUrl>#sh_shaded_dot_0</styleUrl>
      <Point>
         <extrude>1</extrude>
         <altitudeMode>absolute</altitudeMode>
         <coordinates>
            -115.803000,34.591635,4566.240
         </coordinates>
      </Point>
   </Placemark>
   <Placemark>
      <name> </name>
      <description>1314.0 sec (00:22:54.000)
Lon/lat: -115.8030, 34.5917
Alt: 4.570 km
Vel: 0.001 km/s</description>
      <styleUrl>#sh_shaded_dot_0</styleUrl>
      <Point>
         <extrude>1</extrude>
         <altitudeMode>absolute</altitudeMode>
         <coordinates>
            -115.803000,34.591669,4570.121
         </coordinates>
      </Point>
   </Placemark>
   <Placemark>
      <name> </name>
      <description>1316.0 sec (00:22:56.000)
Lon/lat: -115.8030, 34.5917
Alt: 4.575 km
Vel: 0.001 km/s</description>
      <styleUrl>#sh_shaded_dot_0</styleUrl>
      <Point>
         <extrude>1</extrude>
         <altitudeMode>absolute</altitudeMode>
         <coordinates>
            -115.803000,34.591704,4574.650
         </coordinates>
      </Point>
   </Placemark>
   <Placemark>
      <name> </name>
      <description>1318.0 sec (00:22:58.000)
Lon/lat: -115.8020, 34.5918
Alt: 4.578 km
Vel: 0.001 km/s</description>
      <styleUrl>#sh_shaded_dot_0</styleUrl>
      <Point>
         <extrude>1</extrude>
         <altitudeMode>absolute</altitudeMode>
         <coordinates>
            -115.802000,34.591755,4578.175
         </coordinates>
      </Point>
   </Placemark>
   <Placemark>
      <name> </name>
      <description>1320.0 sec (00:22:0.000)
Lon/lat: -115.8020, 34.5918
Alt: 4.583 km
Vel: 0.001 km/s</description>
      <styleUrl>#sh_shaded_dot_0</styleUrl>
      <Point>
         <extrude>1</extrude>
         <altitudeMode>absolute</altitudeMode>
         <coordinates>
            -115.802000,34.591784,4582.824
         </coordinates>
      </Point>
   </Placemark>
   <Placemark>
      <name> </name>
      <description>1322.0 sec (00:22:2.000)
Lon/lat: -115.8020, 34.5918
Alt: 4.586 km
Vel: 0.001 km/s</description>
      <styleUrl>#sh_shaded_dot_0</styleUrl>
      <Point>
         <extrude>1</extrude>
         <altitudeMode>absolute</altitudeMode>
         <coordinates>
            -115.802000,34.591823,4586.131
         </coordinates>
      </Point>
   </Placemark>
   <Placemark>
      <name> </name>
      <description>1324.0 sec (00:22:4.000)
Lon/lat: -115.8020, 34.5919
Alt: 4.589 km
Vel: 0.001 km/s</description>
      <styleUrl>#sh_shaded_dot_0</styleUrl>
      <Point>
         <extrude>1</extrude>
         <altitudeMode>absolute</altitudeMode>
         <coordinates>
            -115.802000,34.591870,4589.334
         </coordinates>
      </Point>
   </Placemark>
   <Placemark>
      <name> </name>
      <description>1326.0 sec (00:22:6.000)
Lon/lat: -115.8020, 34.5919
Alt: 4.593 km
Vel: 0.001 km/s</description>
      <styleUrl>#sh_shaded_dot_0</styleUrl>
      <Point>
         <extrude>1</extrude>
         <altitudeMode>absolute</altitudeMode>
         <coordinates>
            -115.802000,34.591900,4593.479
         </coordinates>
      </Point>
   </Placemark>
   <Placemark>
      <name> </name>
      <description>1328.0 sec (00:22:8.000)
Lon/lat: -115.8010, 34.5919
Alt: 4.597 km
Vel: 0.001 km/s</description>
      <styleUrl>#sh_shaded_dot_0</styleUrl>
      <Point>
         <extrude>1</extrude>
         <altitudeMode>absolute</altitudeMode>
         <coordinates>
            -115.801000,34.591938,4596.872
         </coordinates>
      </Point>
   </Placemark>
   <Placemark>
      <name> </name>
      <description>1330.0 sec (00:22:10.000)
Lon/lat: -115.8010, 34.5920
Alt: 4.601 km
Vel: 0.001 km/s</description>
      <styleUrl>#sh_shaded_dot_0</styleUrl>
      <Point>
         <extrude>1</extrude>
         <altitudeMode>absolute</altitudeMode>
         <coordinates>
            -115.801000,34.591976,4601.054
         </coordinates>
      </Point>
   </Placemark>
   <Placemark>
      <name> </name>
      <description>1332.0 sec (00:22:12.000)
Lon/lat: -115.8010, 34.5920
Alt: 4.605 km
Vel: 0.001 km/s</description>
      <styleUrl>#sh_shaded_dot_0</styleUrl>
      <Point>
         <extrude>1</extrude>
         <altitudeMode>absolute</altitudeMode>
         <coordinates>
            -115.801000,34.592011,4605.329
         </coordinates>
      </Point>
   </Placemark>
   <Placemark>
      <name> </name>
      <description>1334.0 sec (00:22:14.000)
Lon/lat: -115.8010, 34.5920
Alt: 4.610 km
Vel: 0.001 km/s</description>
      <styleUrl>#sh_shaded_dot_0</styleUrl>
      <Point>
         <extrude>1</extrude>
         <altitudeMode>absolute</altitudeMode>
         <coordinates>
            -115.801000,34.592046,4610.237
         </coordinates>
      </Point>
   </Placemark>
   <Placemark>
      <name> </name>
      <description>1336.0 sec (00:22:16.000)
Lon/lat: -115.8010, 34.5921
Alt: 4.614 km
Vel: 0.001 km/s</description>
      <styleUrl>#sh_shaded_dot_0</styleUrl>
      <Point>
         <extrude>1</extrude>
         <altitudeMode>absolute</altitudeMode>
         <coordinates>
            -115.801000,34.592082,4613.615
         </coordinates>
      </Point>
   </Placemark>
   <Placemark>
      <name> </name>
      <description>1338.0 sec (00:22:18.000)
Lon/lat: -115.8000, 34.5921
Alt: 4.618 km
Vel: 0.001 km/s</description>
      <styleUrl>#sh_shaded_dot_0</styleUrl>
      <Point>
         <extrude>1</extrude>
         <altitudeMode>absolute</altitudeMode>
         <coordinates>
            -115.800000,34.592125,4617.543
         </coordinates>
      </Point>
   </Placemark>
   <Placemark>
      <name> </name>
      <description>1340.0 sec (00:22:20.000)
Lon/lat: -115.8000, 34.5922
Alt: 4.623 km
Vel: 0.001 km/s</description>
      <styleUrl>#sh_shaded_dot_0</styleUrl>
      <Point>
         <extrude>1</extrude>
         <altitudeMode>absolute</altitudeMode>
         <coordinates>
            -115.800000,34.592166,4623.265
         </coordinates>
      </Point>
   </Placemark>
   <Placemark>
      <name> </name>
      <description>1342.0 sec (00:22:22.000)
Lon/lat: -115.8000, 34.5922
Alt: 4.626 km
Vel: 0.001 km/s</description>
      <styleUrl>#sh_shaded_dot_0</styleUrl>
      <Point>
         <extrude>1</extrude>
         <altitudeMode>absolute</altitudeMode>
         <coordinates>
            -115.800000,34.592197,4626.263
         </coordinates>
      </Point>
   </Placemark>
   <Placemark>
      <name> </name>
      <description>1344.0 sec (00:22:24.000)
Lon/lat: -115.8000, 34.5922
Alt: 4.629 km
Vel: 0.001 km/s</description>
      <styleUrl>#sh_shaded_dot_0</styleUrl>
      <Point>
         <extrude>1</extrude>
         <altitudeMode>absolute</altitudeMode>
         <coordinates>
            -115.800000,34.592226,4628.825
         </coordinates>
      </Point>
   </Placemark>
   <Placemark>
      <name> </name>
      <description>1346.0 sec (00:22:26.000)
Lon/lat: -115.8000, 34.5923
Alt: 4.633 km
Vel: 0.001 km/s</description>
      <styleUrl>#sh_shaded_dot_0</styleUrl>
      <Point>
         <extrude>1</extrude>
         <altitudeMode>absolute</altitudeMode>
         <coordinates>
            -115.800000,34.592263,4633.437
         </coordinates>
      </Point>
   </Placemark>
   <Placemark>
      <name> </name>
      <description>1348.0 sec (00:22:28.000)
Lon/lat: -115.7990, 34.5923
Alt: 4.636 km
Vel: 0.001 km/s</description>
      <styleUrl>#sh_shaded_dot_0</styleUrl>
      <Point>
         <extrude>1</extrude>
         <altitudeMode>absolute</altitudeMode>
         <coordinates>
            -115.799000,34.592304,4636.250
         </coordinates>
      </Point>
   </Placemark>
   <Placemark>
      <name> </name>
      <description>1350.0 sec (00:22:30.000)
Lon/lat: -115.7990, 34.5923
Alt: 4.642 km
Vel: 0.001 km/s</description>
      <styleUrl>#sh_shaded_dot_0</styleUrl>
      <Point>
         <extrude>1</extrude>
         <altitudeMode>absolute</altitudeMode>
         <coordinates>
            -115.799000,34.592332,4641.548
         </coordinates>
      </Point>
   </Placemark>
   <Placemark>
      <name> </name>
      <description>1352.0 sec (00:23:32.000)
Lon/lat: -115.7990, 34.5924
Alt: 4.647 km
Vel: 0.001 km/s</description>
      <styleUrl>#sh_shaded_dot_0</styleUrl>
      <Point>
         <extrude>1</extrude>
         <altitudeMode>absolute</altitudeMode>
         <coordinates>
            -115.799000,34.592375,4646.553
         </coordinates>
      </Point>
   </Placemark>
   <Placemark>
      <name> </name>
      <description>1354.0 sec (00:23:34.000)
Lon/lat: -115.7990, 34.5924
Alt: 4.650 km
Vel: 0.001 km/s</description>
      <styleUrl>#sh_shaded_dot_0</styleUrl>
      <Point>
         <extrude>1</extrude>
         <altitudeMode>absolute</altitudeMode>
         <coordinates>
            -115.799000,34.592424,4649.794
         </coordinates>
      </Point>
   </Placemark>
   <Placemark>
      <name> </name>
      <description>1356.0 sec (00:23:36.000)
Lon/lat: -115.7990, 34.5925
Alt: 4.654 km
Vel: 0.001 km/s</description>
      <styleUrl>#sh_shaded_dot_0</styleUrl>
      <Point>
         <extrude>1</extrude>
         <altitudeMode>absolute</altitudeMode>
         <coordinates>
            -115.799000,34.592466,4653.883
         </coordinates>
      </Point>
   </Placemark>
   <Placemark>
      <name> </name>
      <description>1358.0 sec (00:23:38.000)
Lon/lat: -115.7980, 34.5925
Alt: 4.658 km
Vel: 0.001 km/s</description>
      <styleUrl>#sh_shaded_dot_0</styleUrl>
      <Point>
         <extrude>1</extrude>
         <altitudeMode>absolute</altitudeMode>
         <coordinates>
            -115.798000,34.592501,4657.889
         </coordinates>
      </Point>
   </Placemark>
   <Placemark>
      <name> </name>
      <description>1360.0 sec (00:23:40.000)
Lon/lat: -115.7980, 34.5925
Alt: 4.662 km
Vel: 0.001 km/s</description>
      <styleUrl>#sh_shaded_dot_0</styleUrl>
      <Point>
         <extrude>1</extrude>
         <altitudeMode>absolute</altitudeMode>
         <coordinates>
            -115.798000,34.592541,4661.958
         </coordinates>
      </Point>
   </Placemark>
   <Placemark>
      <name> </name>
      <description>1362.0 sec (00:23:42.000)
Lon/lat: -115.7980, 34.5926
Alt: 4.666 km
Vel: 0.001 km/s</description>
      <styleUrl>#sh_shaded_dot_0</styleUrl>
      <Point>
         <extrude>1</extrude>
         <altitudeMode>absolute</altitudeMode>
         <coordinates>
            -115.798000,34.592588,4665.931
         </coordinates>
      </Point>
   </Placemark>
   <Placemark>
      <name> </name>
      <description>1364.0 sec (00:23:44.000)
Lon/lat: -115.7980, 34.5926
Alt: 4.668 km
Vel: 0.001 km/s</description>
      <styleUrl>#sh_shaded_dot_0</styleUrl>
      <Point>
         <extrude>1</extrude>
         <altitudeMode>absolute</altitudeMode>
         <coordinates>
            -115.798000,34.592609,4668.335
         </coordinates>
      </Point>
   </Placemark>
   <Placemark>
      <name> </name>
      <description>1366.0 sec (00:23:46.000)
Lon/lat: -115.7980, 34.5927
Alt: 4.672 km
Vel: 0.001 km/s</description>
      <styleUrl>#sh_shaded_dot_0</styleUrl>
      <Point>
         <extrude>1</extrude>
         <altitudeMode>absolute</altitudeMode>
         <coordinates>
            -115.798000,34.592655,4671.631
         </coordinates>
      </Point>
   </Placemark>
   <Placemark>
      <name> </name>
      <description>1368.0 sec (00:23:48.000)
Lon/lat: -115.7970, 34.5927
Alt: 4.676 km
Vel: 0.001 km/s</description>
      <styleUrl>#sh_shaded_dot_0</styleUrl>
      <Point>
         <extrude>1</extrude>
         <altitudeMode>absolute</altitudeMode>
         <coordinates>
            -115.797000,34.592680,4675.733
         </coordinates>
      </Point>
   </Placemark>
   <Placemark>
      <name> </name>
      <description>1370.0 sec (00:23:50.000)
Lon/lat: -115.7970, 34.5927
Alt: 4.680 km
Vel: 0.001 km/s</description>
      <styleUrl>#sh_shaded_dot_0</styleUrl>
      <Point>
         <extrude>1</extrude>
         <altitudeMode>absolute</altitudeMode>
         <coordinates>
            -115.797000,34.592709,4680.235
         </coordinates>
      </Point>
   </Placemark>
   <Placemark>
      <name> </name>
      <description>1372.0 sec (00:23:52.000)
Lon/lat: -115.7970, 34.5927
Alt: 4.683 km
Vel: 0.001 km/s</description>
      <styleUrl>#sh_shaded_dot_0</styleUrl>
      <Point>
         <extrude>1</extrude>
         <altitudeMode>absolute</altitudeMode>
         <coordinates>
            -115.797000,34.592738,4683.102
         </coordinates>
      </Point>
   </Placemark>
   <Placemark>
      <name> </name>
      <description>1374.0 sec (00:23:54.000)
Lon/lat: -115.7970, 34.5928
Alt: 4.688 km
Vel: 0.001 km/s</description>
      <styleUrl>#sh_shaded_dot_0</styleUrl>
      <Point>
         <extrude>1</extrude>
         <altitudeMode>absolute</altitudeMode>
         <coordinates>
            -115.797000,34.592787,4687.801
         </coordinates>
      </Point>
   </Placemark>
   <Placemark>
      <name> </name>
      <description>1376.0 sec (00:23:56.000)
Lon/lat: -115.7970, 34.5928
Alt: 4.691 km
Vel: 0.001 km/s</description>
      <styleUrl>#sh_shaded_dot_0</styleUrl>
      <Point>
         <extrude>1</extrude>
         <altitudeMode>absolute</altitudeMode>
         <coordinates>
            -115.797000,34.592823,4690.986
         </coordinates>
      </Point>
   </Placemark>
   <Placemark>
      <name> </name>
      <description>1378.0 sec (00:23:58.000)
Lon/lat: -115.7960, 34.5929
Alt: 4.696 km
Vel: 0.001 km/s</description>
      <styleUrl>#sh_shaded_dot_0</styleUrl>
      <Point>
         <extrude>1</extrude>
         <altitudeMode>absolute</altitudeMode>
         <coordinates>
            -115.796000,34.592875,4695.664
         </coordinates>
      </Point>
   </Placemark>
   <Placemark>
      <name> </name>
      <description>1380.0 sec (00:23:0.000)
Lon/lat: -115.7960, 34.5929
Alt: 4.701 km
Vel: 0.001 km/s</description>
      <styleUrl>#sh_shaded_dot_0</styleUrl>
      <Point>
         <extrude>1</extrude>
         <altitudeMode>absolute</altitudeMode>
         <coordinates>
            -115.796000,34.592924,4700.920
         </coordinates>
      </Point>
   </Placemark>
   <Placemark>
      <name> </name>
      <description>1382.0 sec (00:23:2.000)
Lon/lat: -115.7960, 34.5930
Alt: 4.704 km
Vel: 0.001 km/s</description>
      <styleUrl>#sh_shaded_dot_0</styleUrl>
      <Point>
         <extrude>1</extrude>
         <altitudeMode>absolute</altitudeMode>
         <coordinates>
            -115.796000,34.592958,4704.017
         </coordinates>
      </Point>
   </Placemark>
   <Placemark>
      <name> </name>
      <description>1384.0 sec (00:23:4.000)
Lon/lat: -115.7960, 34.5930
Alt: 4.705 km
Vel: 0.001 km/s</description>
      <styleUrl>#sh_shaded_dot_0</styleUrl>
      <Point>
         <extrude>1</extrude>
         <altitudeMode>absolute</altitudeMode>
         <coordinates>
            -115.796000,34.592985,4705.498
         </coordinates>
      </Point>
   </Placemark>
   <Placemark>
      <name> </name>
      <description>1386.0 sec (00:23:6.000)
Lon/lat: -115.7960, 34.5930
Alt: 4.709 km
Vel: 0.001 km/s</description>
      <styleUrl>#sh_shaded_dot_0</styleUrl>
      <Point>
         <extrude>1</extrude>
         <altitudeMode>absolute</altitudeMode>
         <coordinates>
            -115.796000,34.593011,4708.920
         </coordinates>
      </Point>
   </Placemark>
   <Placemark>
      <name> </name>
      <description>1388.0 sec (00:23:8.000)
Lon/lat: -115.7950, 34.5930
Alt: 4.712 km
Vel: 0.001 km/s</description>
      <styleUrl>#sh_shaded_dot_0</styleUrl>
      <Point>
         <extrude>1</extrude>
         <altitudeMode>absolute</altitudeMode>
         <coordinates>
            -115.795000,34.593037,4711.960
         </coordinates>
      </Point>
   </Placemark>
   <Placemark>
      <name> </name>
      <description>1390.0 sec (00:23:10.000)
Lon/lat: -115.7950, 34.5931
Alt: 4.717 km
Vel: 0.001 km/s</description>
      <styleUrl>#sh_shaded_dot_0</styleUrl>
      <Point>
         <extrude>1</extrude>
         <altitudeMode>absolute</altitudeMode>
         <coordinates>
            -115.795000,34.593071,4716.501
         </coordinates>
      </Point>
   </Placemark>
   <Placemark>
      <name> </name>
      <description>1392.0 sec (00:23:12.000)
Lon/lat: -115.7950, 34.5931
Alt: 4.721 km
Vel: 0.001 km/s</description>
      <styleUrl>#sh_shaded_dot_0</styleUrl>
      <Point>
         <extrude>1</extrude>
         <altitudeMode>absolute</altitudeMode>
         <coordinates>
            -115.795000,34.593102,4721.169
         </coordinates>
      </Point>
   </Placemark>
   <Placemark>
      <name> </name>
      <description>1394.0 sec (00:23:14.000)
Lon/lat: -115.7950, 34.5931
Alt: 4.725 km
Vel: 0.001 km/s</description>
      <styleUrl>#sh_shaded_dot_0</styleUrl>
      <Point>
         <extrude>1</extrude>
         <altitudeMode>absolute</altitudeMode>
         <coordinates>
            -115.795000,34.593141,4724.704
         </coordinates>
      </Point>
   </Placemark>
   <Placemark>
      <name> </name>
      <description>1396.0 sec (00:23:16.000)
Lon/lat: -115.7950, 34.5932
Alt: 4.729 km
Vel: 0.001 km/s</description>
      <styleUrl>#sh_shaded_dot_0</styleUrl>
      <Point>
         <extrude>1</extrude>
         <altitudeMode>absolute</altitudeMode>
         <coordinates>
            -115.795000,34.593166,4728.841
         </coordinates>
      </Point>
   </Placemark>
   <Placemark>
      <name> </name>
      <description>1398.0 sec (00:23:18.000)
Lon/lat: -115.7940, 34.5932
Alt: 4.734 km
Vel: 0.001 km/s</description>
      <styleUrl>#sh_shaded_dot_0</styleUrl>
      <Point>
         <extrude>1</extrude>
         <altitudeMode>absolute</altitudeMode>
         <coordinates>
            -115.794000,34.593209,4733.806
         </coordinates>
      </Point>
   </Placemark>
   <Placemark>
      <name> </name>
      <description>1400.0 sec (00:23:20.000)
Lon/lat: -115.7940, 34.5932
Alt: 4.738 km
Vel: 0.001 km/s</description>
      <styleUrl>#sh_shaded_dot_0</styleUrl>
      <Point>
         <extrude>1</extrude>
         <altitudeMode>absolute</altitudeMode>
         <coordinates>
            -115.794000,34.593249,4738.331
         </coordinates>
      </Point>
   </Placemark>
   <Placemark>
      <name> </name>
      <description>1402.0 sec (00:23:22.000)
Lon/lat: -115.7940, 34.5933
Alt: 4.744 km
Vel: 0.001 km/s</description>
      <styleUrl>#sh_shaded_dot_0</styleUrl>
      <Point>
         <extrude>1</extrude>
         <altitudeMode>absolute</altitudeMode>
         <coordinates>
            -115.794000,34.593297,4743.798
         </coordinates>
      </Point>
   </Placemark>
   <Placemark>
      <name> </name>
      <description>1404.0 sec (00:23:24.000)
Lon/lat: -115.7940, 34.5933
Alt: 4.748 km
Vel: 0.001 km/s</description>
      <styleUrl>#sh_shaded_dot_0</styleUrl>
      <Point>
         <extrude>1</extrude>
         <altitudeMode>absolute</altitudeMode>
         <coordinates>
            -115.794000,34.593333,4748.151
         </coordinates>
      </Point>
   </Placemark>
   <Placemark>
      <name> </name>
      <description>1406.0 sec (00:23:26.000)
Lon/lat: -115.7940, 34.5934
Alt: 4.753 km
Vel: 0.001 km/s</description>
      <styleUrl>#sh_shaded_dot_0</styleUrl>
      <Point>
         <extrude>1</extrude>
         <altitudeMode>absolute</altitudeMode>
         <coordinates>
            -115.794000,34.593359,4752.619
         </coordinates>
      </Point>
   </Placemark>
   <Placemark>
      <name> </name>
      <description>1408.0 sec (00:23:28.000)
Lon/lat: -115.7930, 34.5934
Alt: 4.758 km
Vel: 0.001 km/s</description>
      <styleUrl>#sh_shaded_dot_0</styleUrl>
      <Point>
         <extrude>1</extrude>
         <altitudeMode>absolute</altitudeMode>
         <coordinates>
            -115.793000,34.593396,4758.088
         </coordinates>
      </Point>
   </Placemark>
   <Placemark>
      <name> </name>
      <description>1410.0 sec (00:24:30.000)
Lon/lat: -115.7930, 34.5934
Alt: 4.763 km
Vel: 0.001 km/s</description>
      <styleUrl>#sh_shaded_dot_0</styleUrl>
      <Point>
         <extrude>1</extrude>
         <altitudeMode>absolute</altitudeMode>
         <coordinates>
            -115.793000,34.593425,4762.797
         </coordinates>
      </Point>
   </Placemark>
   <Placemark>
      <name> </name>
      <description>1412.0 sec (00:24:32.000)
Lon/lat: -115.7930, 34.5935
Alt: 4.767 km
Vel: 0.001 km/s</description>
      <styleUrl>#sh_shaded_dot_0</styleUrl>
      <Point>
         <extrude>1</extrude>
         <altitudeMode>absolute</altitudeMode>
         <coordinates>
            -115.793000,34.593459,4767.111
         </coordinates>
      </Point>
   </Placemark>
   <Placemark>
      <name> </name>
      <description>1414.0 sec (00:24:34.000)
Lon/lat: -115.7930, 34.5935
Alt: 4.771 km
Vel: 0.001 km/s</description>
      <styleUrl>#sh_shaded_dot_0</styleUrl>
      <Point>
         <extrude>1</extrude>
         <altitudeMode>absolute</altitudeMode>
         <coordinates>
            -115.793000,34.593501,4771.142
         </coordinates>
      </Point>
   </Placemark>
   <Placemark>
      <name> </name>
      <description>1416.0 sec (00:24:36.000)
Lon/lat: -115.7920, 34.5935
Alt: 4.776 km
Vel: 0.001 km/s</description>
      <styleUrl>#sh_shaded_dot_0</styleUrl>
      <Point>
         <extrude>1</extrude>
         <altitudeMode>absolute</altitudeMode>
         <coordinates>
            -115.792000,34.593547,4775.873
         </coordinates>
      </Point>
   </Placemark>
   <Placemark>
      <name> </name>
      <description>1418.0 sec (00:24:38.000)
Lon/lat: -115.7920, 34.5936
Alt: 4.781 km
Vel: 0.001 km/s</description>
      <styleUrl>#sh_shaded_dot_0</styleUrl>
      <Point>
         <extrude>1</extrude>
         <altitudeMode>absolute</altitudeMode>
         <coordinates>
            -115.792000,34.593600,4781.016
         </coordinates>
      </Point>
   </Placemark>
   <Placemark>
      <name> </name>
      <description>1420.0 sec (00:24:40.000)
Lon/lat: -115.7920, 34.5936
Alt: 4.786 km
Vel: 0.001 km/s</description>
      <styleUrl>#sh_shaded_dot_0</styleUrl>
      <Point>
         <extrude>1</extrude>
         <altitudeMode>absolute</altitudeMode>
         <coordinates>
            -115.792000,34.593621,4785.691
         </coordinates>
      </Point>
   </Placemark>
   <Placemark>
      <name> </name>
      <description>1422.0 sec (00:24:42.000)
Lon/lat: -115.7920, 34.5936
Alt: 4.790 km
Vel: 0.001 km/s</description>
      <styleUrl>#sh_shaded_dot_0</styleUrl>
      <Point>
         <extrude>1</extrude>
         <altitudeMode>absolute</altitudeMode>
         <coordinates>
            -115.792000,34.593648,4789.653
         </coordinates>
      </Point>
   </Placemark>
   <Placemark>
      <name> </name>
      <description>1424.0 sec (00:24:44.000)
Lon/lat: -115.7920, 34.5937
Alt: 4.793 km
Vel: 0.001 km/s</description>
      <styleUrl>#sh_shaded_dot_0</styleUrl>
      <Point>
         <extrude>1</extrude>
         <altitudeMode>absolute</altitudeMode>
         <coordinates>
            -115.792000,34.593672,4793.348
         </coordinates>
      </Point>
   </Placemark>
   <Placemark>
      <name> </name>
      <description>1426.0 sec (00:24:46.000)
Lon/lat: -115.7910, 34.5937
Alt: 4.798 km
Vel: 0.001 km/s</description>
      <styleUrl>#sh_shaded_dot_0</styleUrl>
      <Point>
         <extrude>1</extrude>
         <altitudeMode>absolute</altitudeMode>
         <coordinates>
            -115.791000,34.593701,4797.953
         </coordinates>
      </Point>
   </Placemark>
   <Placemark>
      <name> </name>
      <description>1428.0 sec (00:24:48.000)
Lon/lat: -115.7910, 34.5937
Alt: 4.802 km
Vel: 0.001 km/s</description>
      <styleUrl>#sh_shaded_dot_0</styleUrl>
      <Point>
         <extrude>1</extrude>
         <altitudeMode>absolute</altitudeMode>
         <coordinates>
            -115.791000,34.593732,4801.916
         </coordinates>
      </Point>
   </Placemark>
   <Placemark>
      <name> </name>
      <description>1430.0 sec (00:24:50.000)
Lon/lat: -115.7910, 34.5938
Alt: 4.805 km
Vel: 0.001 km/s</description>
      <styleUrl>#sh_shaded_dot_0</styleUrl>
      <Point>
         <extrude>1</extrude>
         <altitudeMode>absolute</altitudeMode>
         <coordinates>
            -115.791000,34.593758,4805.389
         </coordinates>
      </Point>
   </Placemark>
   <Placemark>
      <name> </name>
      <description>1432.0 sec (00:24:52.000)
Lon/lat: -115.7910, 34.5938
Alt: 4.811 km
Vel: 0.001 km/s</description>
      <styleUrl>#sh_shaded_dot_0</styleUrl>
      <Point>
         <extrude>1</extrude>
         <altitudeMode>absolute</altitudeMode>
         <coordinates>
            -115.791000,34.593808,4811.158
         </coordinates>
      </Point>
   </Placemark>
   <Placemark>
      <name> </name>
      <description>1434.0 sec (00:24:54.000)
Lon/lat: -115.7910, 34.5938
Alt: 4.813 km
Vel: 0.001 km/s</description>
      <styleUrl>#sh_shaded_dot_0</styleUrl>
      <Point>
         <extrude>1</extrude>
         <altitudeMode>absolute</altitudeMode>
         <coordinates>
            -115.791000,34.593849,4812.723
         </coordinates>
      </Point>
   </Placemark>
   <Placemark>
      <name> </name>
      <description>1436.0 sec (00:24:56.000)
Lon/lat: -115.7900, 34.5939
Alt: 4.816 km
Vel: 0.001 km/s</description>
      <styleUrl>#sh_shaded_dot_0</styleUrl>
      <Point>
         <extrude>1</extrude>
         <altitudeMode>absolute</altitudeMode>
         <coordinates>
            -115.790000,34.593906,4815.513
         </coordinates>
      </Point>
   </Placemark>
   <Placemark>
      <name> </name>
      <description>1438.0 sec (00:24:58.000)
Lon/lat: -115.7900, 34.5940
Alt: 4.817 km
Vel: 0.001 km/s</description>
      <styleUrl>#sh_shaded_dot_0</styleUrl>
      <Point>
         <extrude>1</extrude>
         <altitudeMode>absolute</altitudeMode>
         <coordinates>
            -115.790000,34.593954,4816.987
         </coordinates>
      </Point>
   </Placemark>
   <Placemark>
      <name> </name>
      <description>1440.0 sec (00:24:0.000)
Lon/lat: -115.7900, 34.5940
Alt: 4.822 km
Vel: 0.001 km/s</description>
      <styleUrl>#sh_shaded_dot_0</styleUrl>
      <Point>
         <extrude>1</extrude>
         <altitudeMode>absolute</altitudeMode>
         <coordinates>
            -115.790000,34.593989,4821.984
         </coordinates>
      </Point>
   </Placemark>
   <Placemark>
      <name> </name>
      <description>1442.0 sec (00:24:2.000)
Lon/lat: -115.7900, 34.5940
Alt: 4.825 km
Vel: 0.001 km/s</description>
      <styleUrl>#sh_shaded_dot_0</styleUrl>
      <Point>
         <extrude>1</extrude>
         <altitudeMode>absolute</altitudeMode>
         <coordinates>
            -115.790000,34.594020,4824.878
         </coordinates>
      </Point>
   </Placemark>
   <Placemark>
      <name> </name>
      <description>1444.0 sec (00:24:4.000)
Lon/lat: -115.7890, 34.5941
Alt: 4.829 km
Vel: 0.001 km/s</description>
      <styleUrl>#sh_shaded_dot_0</styleUrl>
      <Point>
         <extrude>1</extrude>
         <altitudeMode>absolute</altitudeMode>
         <coordinates>
            -115.789000,34.594061,4828.672
         </coordinates>
      </Point>
   </Placemark>
   <Placemark>
      <name> </name>
      <description>1446.0 sec (00:24:6.000)
Lon/lat: -115.7890, 34.5941
Alt: 4.832 km
Vel: 0.001 km/s</description>
      <styleUrl>#sh_shaded_dot_0</styleUrl>
      <Point>
         <extrude>1</extrude>
         <altitudeMode>absolute</altitudeMode>
         <coordinates>
            -115.789000,34.594101,4832.134
         </coordinates>
      </Point>
   </Placemark>
   <Placemark>
      <name> </name>
      <description>1448.0 sec (00:24:8.000)
Lon/lat: -115.7890, 34.5941
Alt: 4.836 km
Vel: 0.001 km/s</description>
      <styleUrl>#sh_shaded_dot_0</styleUrl>
      <Point>
         <extrude>1</extrude>
         <altitudeMode>absolute</altitudeMode>
         <coordinates>
            -115.789000,34.594140,4835.710
         </coordinates>
      </Point>
   </Placemark>
   <Placemark>
      <name> </name>
      <description>1450.0 sec (00:24:10.000)
Lon/lat: -115.7890, 34.5942
Alt: 4.839 km
Vel: 0.001 km/s</description>
      <styleUrl>#sh_shaded_dot_0</styleUrl>
      <Point>
         <extrude>1</extrude>
         <altitudeMode>absolute</altitudeMode>
         <coordinates>
            -115.789000,34.594173,4838.878
         </coordinates>
      </Point>
   </Placemark>
   <Placemark>
      <name> </name>
      <description>1452.0 sec (00:24:12.000)
Lon/lat: -115.7890, 34.5942
Alt: 4.842 km
Vel: 0.001 km/s</description>
      <styleUrl>#sh_shaded_dot_0</styleUrl>
      <Point>
         <extrude>1</extrude>
         <altitudeMode>absolute</altitudeMode>
         <coordinates>
            -115.789000,34.594214,4842.045
         </coordinates>
      </Point>
   </Placemark>
   <Placemark>
      <name> </name>
      <description>1454.0 sec (00:24:14.000)
Lon/lat: -115.7880, 34.5943
Alt: 4.846 km
Vel: 0.001 km/s</description>
      <styleUrl>#sh_shaded_dot_0</styleUrl>
      <Point>
         <extrude>1</extrude>
         <altitudeMode>absolute</altitudeMode>
         <coordinates>
            -115.788000,34.594258,4845.957
         </coordinates>
      </Point>
   </Placemark>
   <Placemark>
      <name> </name>
      <description>1456.0 sec (00:24:16.000)
Lon/lat: -115.7880, 34.5943
Alt: 4.849 km
Vel: 0.001 km/s</description>
      <styleUrl>#sh_shaded_dot_0</styleUrl>
      <Point>
         <extrude>1</extrude>
         <altitudeMode>absolute</altitudeMode>
         <coordinates>
            -115.788000,34.594307,4848.986
         </coordinates>
      </Point>
   </Placemark>
   <Placemark>
      <name> </name>
      <description>1458.0 sec (00:24:18.000)
Lon/lat: -115.7880, 34.5943
Alt: 4.851 km
Vel: 0.001 km/s</description>
      <styleUrl>#sh_shaded_dot_0</styleUrl>
      <Point>
         <extrude>1</extrude>
         <altitudeMode>absolute</altitudeMode>
         <coordinates>
            -115.788000,34.594344,4851.066
         </coordinates>
      </Point>
   </Placemark>
   <Placemark>
      <name> </name>
      <description>1460.0 sec (00:24:20.000)
Lon/lat: -115.7880, 34.5944
Alt: 4.853 km
Vel: 0.001 km/s</description>
      <styleUrl>#sh_shaded_dot_0</styleUrl>
      <Point>
         <extrude>1</extrude>
         <altitudeMode>absolute</altitudeMode>
         <coordinates>
            -115.788000,34.594384,4852.526
         </coordinates>
      </Point>
   </Placemark>
   <Placemark>
      <name> </name>
      <description>1462.0 sec (00:24:22.000)
Lon/lat: -115.7870, 34.5944
Alt: 4.857 km
Vel: 0.001 km/s</description>
      <styleUrl>#sh_shaded_dot_0</styleUrl>
      <Point>
         <extrude>1</extrude>
         <altitudeMode>absolute</altitudeMode>
         <coordinates>
            -115.787000,34.594420,4856.679
         </coordinates>
      </Point>
   </Placemark>
   <Placemark>
      <name> </name>
      <description>1464.0 sec (00:24:24.000)
Lon/lat: -115.7870, 34.5945
Alt: 4.860 km
Vel: 0.001 km/s</description>
      <styleUrl>#sh_shaded_dot_0</styleUrl>
      <Point>
         <extrude>1</extrude>
         <altitudeMode>absolute</altitudeMode>
         <coordinates>
            -115.787000,34.594453,4859.612
         </coordinates>
      </Point>
   </Placemark>
   <Placemark>
      <name> </name>
      <description>1466.0 sec (00:24:26.000)
Lon/lat: -115.7870, 34.5945
Alt: 4.864 km
Vel: 0.001 km/s</description>
      <styleUrl>#sh_shaded_dot_0</styleUrl>
      <Point>
         <extrude>1</extrude>
         <altitudeMode>absolute</altitudeMode>
         <coordinates>
            -115.787000,34.594500,4863.960
         </coordinates>
      </Point>
   </Placemark>
   <Placemark>
      <name> </name>
      <description>1468.0 sec (00:24:28.000)
Lon/lat: -115.7870, 34.5945
Alt: 4.867 km
Vel: 0.001 km/s</description>
      <styleUrl>#sh_shaded_dot_0</styleUrl>
      <Point>
         <extrude>1</extrude>
         <altitudeMode>absolute</altitudeMode>
         <coordinates>
            -115.787000,34.594538,4866.994
         </coordinates>
      </Point>
   </Placemark>
   <Placemark>
      <name> </name>
      <description>1470.0 sec (00:24:30.000)
Lon/lat: -115.7860, 34.5946
Alt: 4.871 km
Vel: 0.001 km/s</description>
      <styleUrl>#sh_shaded_dot_0</styleUrl>
      <Point>
         <extrude>1</extrude>
         <altitudeMode>absolute</altitudeMode>
         <coordinates>
            -115.786000,34.594569,4870.852
         </coordinates>
      </Point>
   </Placemark>
   <Placemark>
      <name> </name>
      <description>1472.0 sec (00:25:32.000)
Lon/lat: -115.7860, 34.5946
Alt: 4.874 km
Vel: 0.001 km/s</description>
      <styleUrl>#sh_shaded_dot_0</styleUrl>
      <Point>
         <extrude>1</extrude>
         <altitudeMode>absolute</altitudeMode>
         <coordinates>
            -115.786000,34.594609,4874.176
         </coordinates>
      </Point>
   </Placemark>
   <Placemark>
      <name> </name>
      <description>1474.0 sec (00:25:34.000)
Lon/lat: -115.7860, 34.5946
Alt: 4.879 km
Vel: 0.001 km/s</description>
      <styleUrl>#sh_shaded_dot_0</styleUrl>
      <Point>
         <extrude>1</extrude>
         <altitudeMode>absolute</altitudeMode>
         <coordinates>
            -115.786000,34.594648,4878.577
         </coordinates>
      </Point>
   </Placemark>
   <Placemark>
      <name> </name>
      <description>1476.0 sec (00:25:36.000)
Lon/lat: -115.7860, 34.5947
Alt: 4.882 km
Vel: 0.001 km/s</description>
      <styleUrl>#sh_shaded_dot_0</styleUrl>
      <Point>
         <extrude>1</extrude>
         <altitudeMode>absolute</altitudeMode>
         <coordinates>
            -115.786000,34.594693,4882.204
         </coordinates>
      </Point>
   </Placemark>
   <Placemark>
      <name> </name>
      <description>1478.0 sec (00:25:38.000)
Lon/lat: -115.7860, 34.5947
Alt: 4.886 km
Vel: 0.001 km/s</description>
      <styleUrl>#sh_shaded_dot_0</styleUrl>
      <Point>
         <extrude>1</extrude>
         <altitudeMode>absolute</altitudeMode>
         <coordinates>
            -115.786000,34.594739,4885.821
         </coordinates>
      </Point>
   </Placemark>
   <Placemark>
      <name> </name>
      <description>1480.0 sec (00:25:40.000)
Lon/lat: -115.7850, 34.5948
Alt: 4.890 km
Vel: 0.001 km/s</description>
      <styleUrl>#sh_shaded_dot_0</styleUrl>
      <Point>
         <extrude>1</extrude>
         <altitudeMode>absolute</altitudeMode>
         <coordinates>
            -115.785000,34.594779,4889.583
         </coordinates>
      </Point>
   </Placemark>
   <Placemark>
      <name> </name>
      <description>1482.0 sec (00:25:42.000)
Lon/lat: -115.7850, 34.5948
Alt: 4.893 km
Vel: 0.001 km/s</description>
      <styleUrl>#sh_shaded_dot_0</styleUrl>
      <Point>
         <extrude>1</extrude>
         <altitudeMode>absolute</altitudeMode>
         <coordinates>
            -115.785000,34.594815,4893.234
         </coordinates>
      </Point>
   </Placemark>
   <Placemark>
      <name> </name>
      <description>1484.0 sec (00:25:44.000)
Lon/lat: -115.7850, 34.5948
Alt: 4.895 km
Vel: 0.001 km/s</description>
      <styleUrl>#sh_shaded_dot_0</styleUrl>
      <Point>
         <extrude>1</extrude>
         <altitudeMode>absolute</altitudeMode>
         <coordinates>
            -115.785000,34.594848,4895.004
         </coordinates>
      </Point>
   </Placemark>
   <Placemark>
      <name> </name>
      <description>1486.0 sec (00:25:46.000)
Lon/lat: -115.7850, 34.5949
Alt: 4.898 km
Vel: 0.001 km/s</description>
      <styleUrl>#sh_shaded_dot_0</styleUrl>
      <Point>
         <extrude>1</extrude>
         <altitudeMode>absolute</altitudeMode>
         <coordinates>
            -115.785000,34.594891,4898.214
         </coordinates>
      </Point>
   </Placemark>
   <Placemark>
      <name> </name>
      <description>1488.0 sec (00:25:48.000)
Lon/lat: -115.7840, 34.5949
Alt: 4.902 km
Vel: 0.001 km/s</description>
      <styleUrl>#sh_shaded_dot_0</styleUrl>
      <Point>
         <extrude>1</extrude>
         <altitudeMode>absolute</altitudeMode>
         <coordinates>
            -115.784000,34.594934,4901.574
         </coordinates>
      </Point>
   </Placemark>
   <Placemark>
      <name> </name>
      <description>1490.0 sec (00:25:50.000)
Lon/lat: -115.7840, 34.5950
Alt: 4.906 km
Vel: 0.001 km/s</description>
      <styleUrl>#sh_shaded_dot_0</styleUrl>
      <Point>
         <extrude>1</extrude>
         <altitudeMode>absolute</altitudeMode>
         <coordinates>
            -115.784000,34.595000,4905.939
         </coordinates>
      </Point>
   </Placemark>
   <Placemark>
      <name> </name>
      <description>1492.0 sec (00:25:52.000)
Lon/lat: -115.7840, 34.5950
Alt: 4.910 km
Vel: 0.001 km/s</description>
      <styleUrl>#sh_shaded_dot_0</styleUrl>
      <Point>
         <extrude>1</extrude>
         <altitudeMode>absolute</altitudeMode>
         <coordinates>
            -115.784000,34.595035,4909.576
         </coordinates>
      </Point>
   </Placemark>
   <Placemark>
      <name> </name>
      <description>1494.0 sec (00:25:54.000)
Lon/lat: -115.7840, 34.5951
Alt: 4.915 km
Vel: 0.001 km/s</description>
      <styleUrl>#sh_shaded_dot_0</styleUrl>
      <Point>
         <extrude>1</extrude>
         <altitudeMode>absolute</altitudeMode>
         <coordinates>
            -115.784000,34.595067,4915.205
         </coordinates>
      </Point>
   </Placemark>
   <Placemark>
      <name> </name>
      <description>1496.0 sec (00:25:56.000)
Lon/lat: -115.7840, 34.5951
Alt: 4.919 km
Vel: 0.001 km/s</description>
      <styleUrl>#sh_shaded_dot_0</styleUrl>
      <Point>
         <extrude>1</extrude>
         <altitudeMode>absolute</altitudeMode>
         <coordinates>
            -115.784000,34.595100,4919.271
         </coordinates>
      </Point>
   </Placemark>
   <Placemark>
      <name> </name>
      <description>1498.0 sec (00:25:58.000)
Lon/lat: -115.7830, 34.5951
Alt: 4.922 km
Vel: 0.001 km/s</description>
      <styleUrl>#sh_shaded_dot_0</styleUrl>
      <Point>
         <extrude>1</extrude>
         <altitudeMode>absolute</altitudeMode>
         <coordinates>
            -115.783000,34.595123,4922.230
         </coordinates>
      </Point>
   </Placemark>
   <Placemark>
      <name> </name>
      <description>1500.0 sec (00:25:0.000)
Lon/lat: -115.7830, 34.5952
Alt: 4.926 km
Vel: 0.001 km/s</description>
      <styleUrl>#sh_shaded_dot_0</styleUrl>
      <Point>
         <extrude>1</extrude>
         <altitudeMode>absolute</altitudeMode>
         <coordinates>
            -115.783000,34.595152,4925.693
         </coordinates>
      </Point>
   </Placemark>
   <Placemark>
      <name> </name>
      <description>1502.0 sec (00:25:2.000)
Lon/lat: -115.7830, 34.5952
Alt: 4.930 km
Vel: 0.001 km/s</description>
      <styleUrl>#sh_shaded_dot_0</styleUrl>
      <Point>
         <extrude>1</extrude>
         <altitudeMode>absolute</altitudeMode>
         <coordinates>
            -115.783000,34.595179,4929.784
         </coordinates>
      </Point>
   </Placemark>
   <Placemark>
      <name> </name>
      <description>1504.0 sec (00:25:4.000)
Lon/lat: -115.7830, 34.5952
Alt: 4.935 km
Vel: 0.001 km/s</description>
      <styleUrl>#sh_shaded_dot_0</styleUrl>
      <Point>
         <extrude>1</extrude>
         <altitudeMode>absolute</altitudeMode>
         <coordinates>
            -115.783000,34.595226,4934.837
         </coordinates>
      </Point>
   </Placemark>
   <Placemark>
      <name> </name>
      <description>1506.0 sec (00:25:6.000)
Lon/lat: -115.7820, 34.5953
Alt: 4.942 km
Vel: 0.001 km/s</description>
      <styleUrl>#sh_shaded_dot_0</styleUrl>
      <Point>
         <extrude>1</extrude>
         <altitudeMode>absolute</altitudeMode>
         <coordinates>
            -115.782000,34.595284,4941.787
         </coordinates>
      </Point>
   </Placemark>
   <Placemark>
      <name> </name>
      <description>1508.0 sec (00:25:8.000)
Lon/lat: -115.7820, 34.5953
Alt: 4.946 km
Vel: 0.001 km/s</description>
      <styleUrl>#sh_shaded_dot_0</styleUrl>
      <Point>
         <extrude>1</extrude>
         <altitudeMode>absolute</altitudeMode>
         <coordinates>
            -115.782000,34.595328,4945.515
         </coordinates>
      </Point>
   </Placemark>
   <Placemark>
      <name> </name>
      <description>1510.0 sec (00:25:10.000)
Lon/lat: -115.7820, 34.5954
Alt: 4.952 km
Vel: 0.001 km/s</description>
      <styleUrl>#sh_shaded_dot_0</styleUrl>
      <Point>
         <extrude>1</extrude>
         <altitudeMode>absolute</altitudeMode>
         <coordinates>
            -115.782000,34.595368,4951.924
         </coordinates>
      </Point>
   </Placemark>
   <Placemark>
      <name> </name>
      <description>1512.0 sec (00:25:12.000)
Lon/lat: -115.7820, 34.5954
Alt: 4.957 km
Vel: 0.001 km/s</description>
      <styleUrl>#sh_shaded_dot_0</styleUrl>
      <Point>
         <extrude>1</extrude>
         <altitudeMode>absolute</altitudeMode>
         <coordinates>
            -115.782000,34.595403,4956.679
         </coordinates>
      </Point>
   </Placemark>
   <Placemark>
      <name> </name>
      <description>1514.0 sec (00:25:14.000)
Lon/lat: -115.7810, 34.5954
Alt: 4.961 km
Vel: 0.001 km/s</description>
      <styleUrl>#sh_shaded_dot_0</styleUrl>
      <Point>
         <extrude>1</extrude>
         <altitudeMode>absolute</altitudeMode>
         <coordinates>
            -115.781000,34.595446,4960.669
         </coordinates>
      </Point>
   </Placemark>
   <Placemark>
      <name> </name>
      <description>1516.0 sec (00:25:16.000)
Lon/lat: -115.7810, 34.5955
Alt: 4.965 km
Vel: 0.001 km/s</description>
      <styleUrl>#sh_shaded_dot_0</styleUrl>
      <Point>
         <extrude>1</extrude>
         <altitudeMode>absolute</altitudeMode>
         <coordinates>
            -115.781000,34.595488,4964.653
         </coordinates>
      </Point>
   </Placemark>
   <Placemark>
      <name> </name>
      <description>1518.0 sec (00:25:18.000)
Lon/lat: -115.7810, 34.5955
Alt: 4.969 km
Vel: 0.001 km/s</description>
      <styleUrl>#sh_shaded_dot_0</styleUrl>
      <Point>
         <extrude>1</extrude>
         <altitudeMode>absolute</altitudeMode>
         <coordinates>
            -115.781000,34.595526,4968.850
         </coordinates>
      </Point>
   </Placemark>
   <Placemark>
      <name> </name>
      <description>1520.0 sec (00:25:20.000)
Lon/lat: -115.7810, 34.5956
Alt: 4.973 km
Vel: 0.001 km/s</description>
      <styleUrl>#sh_shaded_dot_0</styleUrl>
      <Point>
         <extrude>1</extrude>
         <altitudeMode>absolute</altitudeMode>
         <coordinates>
            -115.781000,34.595567,4972.575
         </coordinates>
      </Point>
   </Placemark>
   <Placemark>
      <name> </name>
      <description>1522.0 sec (00:25:22.000)
Lon/lat: -115.7800, 34.5956
Alt: 4.977 km
Vel: 0.001 km/s</description>
      <styleUrl>#sh_shaded_dot_0</styleUrl>
      <Point>
         <extrude>1</extrude>
         <altitudeMode>absolute</altitudeMode>
         <coordinates>
            -115.780000,34.595606,4977.319
         </coordinates>
      </Point>
   </Placemark>
   <Placemark>
      <name> </name>
      <description>1524.0 sec (00:25:24.000)
Lon/lat: -115.7800, 34.5956
Alt: 4.982 km
Vel: 0.001 km/s</description>
      <styleUrl>#sh_shaded_dot_0</styleUrl>
      <Point>
         <extrude>1</extrude>
         <altitudeMode>absolute</altitudeMode>
         <coordinates>
            -115.780000,34.595643,4982.016
         </coordinates>
      </Point>
   </Placemark>
   <Placemark>
      <name> </name>
      <description>1526.0 sec (00:25:26.000)
Lon/lat: -115.7800, 34.5957
Alt: 4.985 km
Vel: 0.001 km/s</description>
      <styleUrl>#sh_shaded_dot_0</styleUrl>
      <Point>
         <extrude>1</extrude>
         <altitudeMode>absolute</altitudeMode>
         <coordinates>
            -115.780000,34.595675,4985.420
         </coordinates>
      </Point>
   </Placemark>
   <Placemark>
      <name> </name>
      <description>1528.0 sec (00:25:28.000)
Lon/lat: -115.7800, 34.5957
Alt: 4.989 km
Vel: 0.001 km/s</description>
      <styleUrl>#sh_shaded_dot_0</styleUrl>
      <Point>
         <extrude>1</extrude>
         <altitudeMode>absolute</altitudeMode>
         <coordinates>
            -115.780000,34.595722,4989.262
         </coordinates>
      </Point>
   </Placemark>
   <Placemark>
      <name> </name>
      <description>1530.0 sec (00:26:30.000)
Lon/lat: -115.7800, 34.5958
Alt: 4.993 km
Vel: 0.001 km/s</description>
      <styleUrl>#sh_shaded_dot_0</styleUrl>
      <Point>
         <extrude>1</extrude>
         <altitudeMode>absolute</altitudeMode>
         <coordinates>
            -115.780000,34.595760,4992.650
         </coordinates>
      </Point>
   </Placemark>
   <Placemark>
      <name> </name>
      <description>1532.0 sec (00:26:32.000)
Lon/lat: -115.7790, 34.5958
Alt: 4.995 km
Vel: 0.001 km/s</description>
      <styleUrl>#sh_shaded_dot_0</styleUrl>
      <Point>
         <extrude>1</extrude>
         <altitudeMode>absolute</altitudeMode>
         <coordinates>
            -115.779000,34.595805,4995.430
         </coordinates>
      </Point>
   </Placemark>
   <Placemark>
      <name> </name>
      <description>1534.0 sec (00:26:34.000)
Lon/lat: -115.7790, 34.5958
Alt: 4.999 km
Vel: 0.001 km/s</description>
      <styleUrl>#sh_shaded_dot_0</styleUrl>
      <Point>
         <extrude>1</extrude>
         <altitudeMode>absolute</altitudeMode>
         <coordinates>
            -115.779000,34.595842,4999.318
         </coordinates>
      </Point>
   </Placemark>
   <Placemark>
      <name> </name>
      <description>1536.0 sec (00:26:36.000)
Lon/lat: -115.7790, 34.5959
Alt: 5.005 km
Vel: 0.001 km/s</description>
      <styleUrl>#sh_shaded_dot_0</styleUrl>
      <Point>
         <extrude>1</extrude>
         <altitudeMode>absolute</altitudeMode>
         <coordinates>
            -115.779000,34.595887,5005.290
         </coordinates>
      </Point>
   </Placemark>
   <Placemark>
      <name> </name>
      <description>1538.0 sec (00:26:38.000)
Lon/lat: -115.7790, 34.5959
Alt: 5.010 km
Vel: 0.001 km/s</description>
      <styleUrl>#sh_shaded_dot_0</styleUrl>
      <Point>
         <extrude>1</extrude>
         <altitudeMode>absolute</altitudeMode>
         <coordinates>
            -115.779000,34.595932,5010.254
         </coordinates>
      </Point>
   </Placemark>
   <Placemark>
      <name> </name>
      <description>1540.0 sec (00:26:40.000)
Lon/lat: -115.7780, 34.5960
Alt: 5.014 km
Vel: 0.001 km/s</description>
      <styleUrl>#sh_shaded_dot_0</styleUrl>
      <Point>
         <extrude>1</extrude>
         <altitudeMode>absolute</altitudeMode>
         <coordinates>
            -115.778000,34.595987,5013.544
         </coordinates>
      </Point>
   </Placemark>
   <Placemark>
      <name> </name>
      <description>1542.0 sec (00:26:42.000)
Lon/lat: -115.7780, 34.5960
Alt: 5.018 km
Vel: 0.001 km/s</description>
      <styleUrl>#sh_shaded_dot_0</styleUrl>
      <Point>
         <extrude>1</extrude>
         <altitudeMode>absolute</altitudeMode>
         <coordinates>
            -115.778000,34.596045,5018.304
         </coordinates>
      </Point>
   </Placemark>
   <Placemark>
      <name> </name>
      <description>1544.0 sec (00:26:44.000)
Lon/lat: -115.7780, 34.5961
Alt: 5.023 km
Vel: 0.001 km/s</description>
      <styleUrl>#sh_shaded_dot_0</styleUrl>
      <Point>
         <extrude>1</extrude>
         <altitudeMode>absolute</altitudeMode>
         <coordinates>
            -115.778000,34.596101,5022.817
         </coordinates>
      </Point>
   </Placemark>
   <Placemark>
      <name> </name>
      <description>1546.0 sec (00:26:46.000)
Lon/lat: -115.7780, 34.5961
Alt: 5.028 km
Vel: 0.001 km/s</description>
      <styleUrl>#sh_shaded_dot_0</styleUrl>
      <Point>
         <extrude>1</extrude>
         <altitudeMode>absolute</altitudeMode>
         <coordinates>
            -115.778000,34.596140,5027.516
         </coordinates>
      </Point>
   </Placemark>
   <Placemark>
      <name> </name>
      <description>1548.0 sec (00:26:48.000)
Lon/lat: -115.7770, 34.5962
Alt: 5.032 km
Vel: 0.001 km/s</description>
      <styleUrl>#sh_shaded_dot_0</styleUrl>
      <Point>
         <extrude>1</extrude>
         <altitudeMode>absolute</altitudeMode>
         <coordinates>
            -115.777000,34.596182,5031.908
         </coordinates>
      </Point>
   </Placemark>
   <Placemark>
      <name> </name>
      <description>1550.0 sec (00:26:50.000)
Lon/lat: -115.7770, 34.5962
Alt: 5.035 km
Vel: 0.001 km/s</description>
      <styleUrl>#sh_shaded_dot_0</styleUrl>
      <Point>
         <extrude>1</extrude>
         <altitudeMode>absolute</altitudeMode>
         <coordinates>
            -115.777000,34.596233,5035.081
         </coordinates>
      </Point>
   </Placemark>
   <Placemark>
      <name> </name>
      <description>1552.0 sec (00:26:52.000)
Lon/lat: -115.7770, 34.5963
Alt: 5.042 km
Vel: 0.001 km/s</description>
      <styleUrl>#sh_shaded_dot_0</styleUrl>
      <Point>
         <extrude>1</extrude>
         <altitudeMode>absolute</altitudeMode>
         <coordinates>
            -115.777000,34.596280,5041.725
         </coordinates>
      </Point>
   </Placemark>
   <Placemark>
      <name> </name>
      <description>1554.0 sec (00:26:54.000)
Lon/lat: -115.7770, 34.5963
Alt: 5.047 km
Vel: 0.001 km/s</description>
      <styleUrl>#sh_shaded_dot_0</styleUrl>
      <Point>
         <extrude>1</extrude>
         <altitudeMode>absolute</altitudeMode>
         <coordinates>
            -115.777000,34.596335,5046.969
         </coordinates>
      </Point>
   </Placemark>
   <Placemark>
      <name> </name>
      <description>1556.0 sec (00:26:56.000)
Lon/lat: -115.7770, 34.5964
Alt: 5.051 km
Vel: 0.001 km/s</description>
      <styleUrl>#sh_shaded_dot_0</styleUrl>
      <Point>
         <extrude>1</extrude>
         <altitudeMode>absolute</altitudeMode>
         <coordinates>
            -115.777000,34.596395,5050.974
         </coordinates>
      </Point>
   </Placemark>
   <Placemark>
      <name> </name>
      <description>1558.0 sec (00:26:58.000)
Lon/lat: -115.7760, 34.5964
Alt: 5.056 km
Vel: 0.001 km/s</description>
      <styleUrl>#sh_shaded_dot_0</styleUrl>
      <Point>
         <extrude>1</extrude>
         <altitudeMode>absolute</altitudeMode>
         <coordinates>
            -115.776000,34.596429,5055.786
         </coordinates>
      </Point>
   </Placemark>
   <Placemark>
      <name> </name>
      <description>1560.0 sec (00:26:0.000)
Lon/lat: -115.7760, 34.5965
Alt: 5.060 km
Vel: 0.001 km/s</description>
      <styleUrl>#sh_shaded_dot_0</styleUrl>
      <Point>
         <extrude>1</extrude>
         <altitudeMode>absolute</altitudeMode>
         <coordinates>
            -115.776000,34.596470,5059.621
         </coordinates>
      </Point>
   </Placemark>
   <Placemark>
      <name> </name>
      <description>1562.0 sec (00:26:2.000)
Lon/lat: -115.7760, 34.5965
Alt: 5.065 km
Vel: 0.001 km/s</description>
      <styleUrl>#sh_shaded_dot_0</styleUrl>
      <Point>
         <extrude>1</extrude>
         <altitudeMode>absolute</altitudeMode>
         <coordinates>
            -115.776000,34.596521,5064.736
         </coordinates>
      </Point>
   </Placemark>
   <Placemark>
      <name> </name>
      <description>1564.0 sec (00:26:4.000)
Lon/lat: -115.7760, 34.5966
Alt: 5.068 km
Vel: 0.001 km/s</description>
      <styleUrl>#sh_shaded_dot_0</styleUrl>
      <Point>
         <extrude>1</extrude>
         <altitudeMode>absolute</altitudeMode>
         <coordinates>
            -115.776000,34.596581,5068.245
         </coordinates>
      </Point>
   </Placemark>
   <Placemark>
      <name> </name>
      <description>1566.0 sec (00:26:6.000)
Lon/lat: -115.7750, 34.5966
Alt: 5.072 km
Vel: 0.001 km/s</description>
      <styleUrl>#sh_shaded_dot_0</styleUrl>
      <Point>
         <extrude>1</extrude>
         <altitudeMode>absolute</altitudeMode>
         <coordinates>
            -115.775000,34.596644,5072.297
         </coordinates>
      </Point>
   </Placemark>
   <Placemark>
      <name> </name>
      <description>1568.0 sec (00:26:8.000)
Lon/lat: -115.7750, 34.5967
Alt: 5.076 km
Vel: 0.001 km/s</description>
      <styleUrl>#sh_shaded_dot_0</styleUrl>
      <Point>
         <extrude>1</extrude>
         <altitudeMode>absolute</altitudeMode>
         <coordinates>
            -115.775000,34.596695,5075.816
         </coordinates>
      </Point>
   </Placemark>
   <Placemark>
      <name> </name>
      <description>1570.0 sec (00:26:10.000)
Lon/lat: -115.7750, 34.5968
Alt: 5.080 km
Vel: 0.001 km/s</description>
      <styleUrl>#sh_shaded_dot_0</styleUrl>
      <Point>
         <extrude>1</extrude>
         <altitudeMode>absolute</altitudeMode>
         <coordinates>
            -115.775000,34.596751,5080.051
         </coordinates>
      </Point>
   </Placemark>
   <Placemark>
      <name> </name>
      <description>1572.0 sec (00:26:12.000)
Lon/lat: -115.7750, 34.5968
Alt: 5.083 km
Vel: 0.001 km/s</description>
      <styleUrl>#sh_shaded_dot_0</styleUrl>
      <Point>
         <extrude>1</extrude>
         <altitudeMode>absolute</altitudeMode>
         <coordinates>
            -115.775000,34.596808,5083.470
         </coordinates>
      </Point>
   </Placemark>
   <Placemark>
      <name> </name>
      <description>1574.0 sec (00:26:14.000)
Lon/lat: -115.7740, 34.5969
Alt: 5.087 km
Vel: 0.001 km/s</description>
      <styleUrl>#sh_shaded_dot_0</styleUrl>
      <Point>
         <extrude>1</extrude>
         <altitudeMode>absolute</altitudeMode>
         <coordinates>
            -115.774000,34.596861,5087.118
         </coordinates>
      </Point>
   </Placemark>
   <Placemark>
      <name> </name>
      <description>1576.0 sec (00:26:16.000)
Lon/lat: -115.7740, 34.5969
Alt: 5.091 km
Vel: 0.001 km/s</description>
      <styleUrl>#sh_shaded_dot_0</styleUrl>
      <Point>
         <extrude>1</extrude>
         <altitudeMode>absolute</altitudeMode>
         <coordinates>
            -115.774000,34.596912,5091.214
         </coordinates>
      </Point>
   </Placemark>
   <Placemark>
      <name> </name>
      <description>1578.0 sec (00:26:18.000)
Lon/lat: -115.7740, 34.5970
Alt: 5.095 km
Vel: 0.001 km/s</description>
      <styleUrl>#sh_shaded_dot_0</styleUrl>
      <Point>
         <extrude>1</extrude>
         <altitudeMode>absolute</altitudeMode>
         <coordinates>
            -115.774000,34.596971,5095.016
         </coordinates>
      </Point>
   </Placemark>
   <Placemark>
      <name> </name>
      <description>1580.0 sec (00:26:20.000)
Lon/lat: -115.7740, 34.5970
Alt: 5.099 km
Vel: 0.001 km/s</description>
      <styleUrl>#sh_shaded_dot_0</styleUrl>
      <Point>
         <extrude>1</extrude>
         <altitudeMode>absolute</altitudeMode>
         <coordinates>
            -115.774000,34.597026,5098.816
         </coordinates>
      </Point>
   </Placemark>
   <Placemark>
      <name> </name>
      <description>1582.0 sec (00:26:22.000)
Lon/lat: -115.7730, 34.5971
Alt: 5.102 km
Vel: 0.001 km/s</description>
      <styleUrl>#sh_shaded_dot_0</styleUrl>
      <Point>
         <extrude>1</extrude>
         <altitudeMode>absolute</altitudeMode>
         <coordinates>
            -115.773000,34.597077,5101.949
         </coordinates>
      </Point>
   </Placemark>
   <Placemark>
      <name> </name>
      <description>1584.0 sec (00:26:24.000)
Lon/lat: -115.7730, 34.5971
Alt: 5.106 km
Vel: 0.001 km/s</description>
      <styleUrl>#sh_shaded_dot_0</styleUrl>
      <Point>
         <extrude>1</extrude>
         <altitudeMode>absolute</altitudeMode>
         <coordinates>
            -115.773000,34.597131,5106.332
         </coordinates>
      </Point>
   </Placemark>
   <Placemark>
      <name> </name>
      <description>1586.0 sec (00:26:26.000)
Lon/lat: -115.7730, 34.5972
Alt: 5.111 km
Vel: 0.001 km/s</description>
      <styleUrl>#sh_shaded_dot_0</styleUrl>
      <Point>
         <extrude>1</extrude>
         <altitudeMode>absolute</altitudeMode>
         <coordinates>
            -115.773000,34.597211,5111.109
         </coordinates>
      </Point>
   </Placemark>
   <Placemark>
      <name> </name>
      <description>1588.0 sec (00:26:28.000)
Lon/lat: -115.7730, 34.5973
Alt: 5.115 km
Vel: 0.001 km/s</description>
      <styleUrl>#sh_shaded_dot_0</styleUrl>
      <Point>
         <extrude>1</extrude>
         <altitudeMode>absolute</altitudeMode>
         <coordinates>
            -115.773000,34.597271,5115.284
         </coordinates>
      </Point>
   </Placemark>
   <Placemark>
      <name> </name>
      <description>1590.0 sec (00:26:30.000)
Lon/lat: -115.7720, 34.5973
Alt: 5.121 km
Vel: 0.001 km/s</description>
      <styleUrl>#sh_shaded_dot_0</styleUrl>
      <Point>
         <extrude>1</extrude>
         <altitudeMode>absolute</altitudeMode>
         <coordinates>
            -115.772000,34.597319,5120.676
         </coordinates>
      </Point>
   </Placemark>
   <Placemark>
      <name> </name>
      <description>1592.0 sec (00:27:32.000)
Lon/lat: -115.7720, 34.5974
Alt: 5.125 km
Vel: 0.001 km/s</description>
      <styleUrl>#sh_shaded_dot_0</styleUrl>
      <Point>
         <extrude>1</extrude>
         <altitudeMode>absolute</altitudeMode>
         <coordinates>
            -115.772000,34.597356,5124.751
         </coordinates>
      </Point>
   </Placemark>
   <Placemark>
      <name> </name>
      <description>1594.0 sec (00:27:34.000)
Lon/lat: -115.7720, 34.5974
Alt: 5.128 km
Vel: 0.001 km/s</description>
      <styleUrl>#sh_shaded_dot_0</styleUrl>
      <Point>
         <extrude>1</extrude>
         <altitudeMode>absolute</altitudeMode>
         <coordinates>
            -115.772000,34.597400,5128.192
         </coordinates>
      </Point>
   </Placemark>
   <Placemark>
      <name> </name>
      <description>1596.0 sec (00:27:36.000)
Lon/lat: -115.7720, 34.5975
Alt: 5.131 km
Vel: 0.001 km/s</description>
      <styleUrl>#sh_shaded_dot_0</styleUrl>
      <Point>
         <extrude>1</extrude>
         <altitudeMode>absolute</altitudeMode>
         <coordinates>
            -115.772000,34.597456,5131.229
         </coordinates>
      </Point>
   </Placemark>
   <Placemark>
      <name> </name>
      <description>1598.0 sec (00:27:38.000)
Lon/lat: -115.7710, 34.5975
Alt: 5.135 km
Vel: 0.001 km/s</description>
      <styleUrl>#sh_shaded_dot_0</styleUrl>
      <Point>
         <extrude>1</extrude>
         <altitudeMode>absolute</altitudeMode>
         <coordinates>
            -115.771000,34.597525,5134.525
         </coordinates>
      </Point>
   </Placemark>
   <Placemark>
      <name> </name>
      <description>1600.0 sec (00:27:40.000)
Lon/lat: -115.7710, 34.5976
Alt: 5.140 km
Vel: 0.001 km/s</description>
      <styleUrl>#sh_shaded_dot_0</styleUrl>
      <Point>
         <extrude>1</extrude>
         <altitudeMode>absolute</altitudeMode>
         <coordinates>
            -115.771000,34.597586,5140.114
         </coordinates>
      </Point>
   </Placemark>
   <Placemark>
      <name> </name>
      <description>1602.0 sec (00:27:42.000)
Lon/lat: -115.7710, 34.5976
Alt: 5.146 km
Vel: 0.001 km/s</description>
      <styleUrl>#sh_shaded_dot_0</styleUrl>
      <Point>
         <extrude>1</extrude>
         <altitudeMode>absolute</altitudeMode>
         <coordinates>
            -115.771000,34.597637,5145.667
         </coordinates>
      </Point>
   </Placemark>
   <Placemark>
      <name> </name>
      <description>1604.0 sec (00:27:44.000)
Lon/lat: -115.7710, 34.5977
Alt: 5.150 km
Vel: 0.001 km/s</description>
      <styleUrl>#sh_shaded_dot_0</styleUrl>
      <Point>
         <extrude>1</extrude>
         <altitudeMode>absolute</altitudeMode>
         <coordinates>
            -115.771000,34.597694,5150.133
         </coordinates>
      </Point>
   </Placemark>
   <Placemark>
      <name> </name>
      <description>1606.0 sec (00:27:46.000)
Lon/lat: -115.7700, 34.5978
Alt: 5.152 km
Vel: 0.001 km/s</description>
      <styleUrl>#sh_shaded_dot_0</styleUrl>
      <Point>
         <extrude>1</extrude>
         <altitudeMode>absolute</altitudeMode>
         <coordinates>
            -115.770000,34.597758,5152.342
         </coordinates>
      </Point>
   </Placemark>
   <Placemark>
      <name> </name>
      <description>1608.0 sec (00:27:48.000)
Lon/lat: -115.7700, 34.5978
Alt: 5.157 km
Vel: 0.001 km/s</description>
      <styleUrl>#sh_shaded_dot_0</styleUrl>
      <Point>
         <extrude>1</extrude>
         <altitudeMode>absolute</altitudeMode>
         <coordinates>
            -115.770000,34.597817,5156.679
         </coordinates>
      </Point>
   </Placemark>
   <Placemark>
      <name> </name>
      <description>1610.0 sec (00:27:50.000)
Lon/lat: -115.7700, 34.5979
Alt: 5.162 km
Vel: 0.001 km/s</description>
      <styleUrl>#sh_shaded_dot_0</styleUrl>
      <Point>
         <extrude>1</extrude>
         <altitudeMode>absolute</altitudeMode>
         <coordinates>
            -115.770000,34.597873,5161.512
         </coordinates>
      </Point>
   </Placemark>
   <Placemark>
      <name> </name>
      <description>1612.0 sec (00:27:52.000)
Lon/lat: -115.7700, 34.5979
Alt: 5.164 km
Vel: 0.001 km/s</description>
      <styleUrl>#sh_shaded_dot_0</styleUrl>
      <Point>
         <extrude>1</extrude>
         <altitudeMode>absolute</altitudeMode>
         <coordinates>
            -115.770000,34.597940,5164.459
         </coordinates>
      </Point>
   </Placemark>
   <Placemark>
      <name> </name>
      <description>1614.0 sec (00:27:54.000)
Lon/lat: -115.7690, 34.5980
Alt: 5.170 km
Vel: 0.001 km/s</description>
      <styleUrl>#sh_shaded_dot_0</styleUrl>
      <Point>
         <extrude>1</extrude>
         <altitudeMode>absolute</altitudeMode>
         <coordinates>
            -115.769000,34.597983,5169.659
         </coordinates>
      </Point>
   </Placemark>
   <Placemark>
      <name> </name>
      <description>1616.0 sec (00:27:56.000)
Lon/lat: -115.7690, 34.5980
Alt: 5.174 km
Vel: 0.001 km/s</description>
      <styleUrl>#sh_shaded_dot_0</styleUrl>
      <Point>
         <extrude>1</extrude>
         <altitudeMode>absolute</altitudeMode>
         <coordinates>
            -115.769000,34.598033,5174.015
         </coordinates>
      </Point>
   </Placemark>
   <Placemark>
      <name> </name>
      <description>1618.0 sec (00:27:58.000)
Lon/lat: -115.7690, 34.5981
Alt: 5.179 km
Vel: 0.001 km/s</description>
      <styleUrl>#sh_shaded_dot_0</styleUrl>
      <Point>
         <extrude>1</extrude>
         <altitudeMode>absolute</altitudeMode>
         <coordinates>
            -115.769000,34.598103,5178.510
         </coordinates>
      </Point>
   </Placemark>
   <Placemark>
      <name> </name>
      <description>1620.0 sec (00:27:0.000)
Lon/lat: -115.7690, 34.5982
Alt: 5.182 km
Vel: 0.001 km/s</description>
      <styleUrl>#sh_shaded_dot_0</styleUrl>
      <Point>
         <extrude>1</extrude>
         <altitudeMode>absolute</altitudeMode>
         <coordinates>
            -115.769000,34.598181,5182.085
         </coordinates>
      </Point>
   </Placemark>
   <Placemark>
      <name> </name>
      <description>1622.0 sec (00:27:2.000)
Lon/lat: -115.7680, 34.5982
Alt: 5.187 km
Vel: 0.001 km/s</description>
      <styleUrl>#sh_shaded_dot_0</styleUrl>
      <Point>
         <extrude>1</extrude>
         <altitudeMode>absolute</altitudeMode>
         <coordinates>
            -115.768000,34.598241,5187.075
         </coordinates>
      </Point>
   </Placemark>
   <Placemark>
      <name> </name>
      <description>1624.0 sec (00:27:4.000)
Lon/lat: -115.7680, 34.5983
Alt: 5.190 km
Vel: 0.001 km/s</description>
      <styleUrl>#sh_shaded_dot_0</styleUrl>
      <Point>
         <extrude>1</extrude>
         <altitudeMode>absolute</altitudeMode>
         <coordinates>
            -115.768000,34.598297,5190.148
         </coordinates>
      </Point>
   </Placemark>
   <Placemark>
      <name> </name>
      <description>1626.0 sec (00:27:6.000)
Lon/lat: -115.7680, 34.5984
Alt: 5.194 km
Vel: 0.001 km/s</description>
      <styleUrl>#sh_shaded_dot_0</styleUrl>
      <Point>
         <extrude>1</extrude>
         <altitudeMode>absolute</altitudeMode>
         <coordinates>
            -115.768000,34.598359,5194.399
         </coordinates>
      </Point>
   </Placemark>
   <Placemark>
      <name> </name>
      <description>1628.0 sec (00:27:8.000)
Lon/lat: -115.7680, 34.5984
Alt: 5.199 km
Vel: 0.001 km/s</description>
      <styleUrl>#sh_shaded_dot_0</styleUrl>
      <Point>
         <extrude>1</extrude>
         <altitudeMode>absolute</altitudeMode>
         <coordinates>
            -115.768000,34.598423,5199.023
         </coordinates>
      </Point>
   </Placemark>
   <Placemark>
      <name> </name>
      <description>1630.0 sec (00:27:10.000)
Lon/lat: -115.7670, 34.5985
Alt: 5.203 km
Vel: 0.001 km/s</description>
      <styleUrl>#sh_shaded_dot_0</styleUrl>
      <Point>
         <extrude>1</extrude>
         <altitudeMode>absolute</altitudeMode>
         <coordinates>
            -115.767000,34.598484,5202.548
         </coordinates>
      </Point>
   </Placemark>
   <Placemark>
      <name> </name>
      <description>1632.0 sec (00:27:12.000)
Lon/lat: -115.7670, 34.5985
Alt: 5.207 km
Vel: 0.001 km/s</description>
      <styleUrl>#sh_shaded_dot_0</styleUrl>
      <Point>
         <extrude>1</extrude>
         <altitudeMode>absolute</altitudeMode>
         <coordinates>
            -115.767000,34.598549,5206.582
         </coordinates>
      </Point>
   </Placemark>
</Document>
</kml>